                                                    /*Anyone is free to copy, modify, publish, use, compile or
                                                    distribute this software, either in source code form or as a compiled
                                                    binary, for non-commercial use only. (i.e. YOU MAY NOT SELL IT)
                                                    John B 4/12/2022
                                                    THE SOFTWARE IS PROVIDED "AS IS", WITHOUT WARRANTY OF ANY KIND,
                                                    EXPRESS OR IMPLIED, INCLUDING BUT NOT LIMITED TO THE WARRANTIES OF
                                                    MERCHANTABILITY, FITNESS FOR A PARTICULAR PURPOSE AND NONINFRINGEMENT.
                                                    IN NO EVENT SHALL THE AUTHORS BE LIABLE FOR ANY CLAIM, DAMAGES OR
                                                    OTHER LIABILITY, WHETHER IN AN ACTION OF CONTRACT, TORT OR OTHERWISE,
                                                    ARISING FROM, OUT OF OR IN CONNECTION WITH THE SOFTWARE OR THE USE OR
                                                    OTHER DEALINGS IN THE SOFTWARE.*/
                                                    //This C file contains my everything to get a Seiko Epson S1D13517-
                                                    //Display Controller to work with a 24 bit colour LCD, 800x480 LCD.
                                                    //Initialise_SDCARD & Read pictures, no library required. It will load 13-
                                                    // pictures into the SDRAM then display them from the memory.
                                                    //It will 'Alpha Blend' 2 images then show the result.
                                                    //Demonstrated on YouTube 4/12/2022.
                                                    //Another First of it's kind on YouTube.
                                                    //Inproved Text Message For Whole Program 2nd December 2022
                                                    //Improved Sd Card Init with debug tools.
                                                    //Now With Simeple Write_Text Function
                                                    //Write_number and write hexbyte too.

//Started Epson Programming 18:30 11/November 2022  Alpha blend working 4th December 2022.
//This Is A Very Similar C File  The Original, Just Improved, Big Changes So Version 2.
//20 - 01 - 2026

#include <stdint.h>


//FontName : Tahoma24x27
//FontSize : 24 x 27

const unsigned char Letter_Font[] = {        //const unsigned char Tahoma24x27[] = {

   0x00,0x00,0x00,0x00,0x00,0x00,0x00,0x00,0x00,0x00,0x00,0x00,0x00,0x00,0x00,0x00,0x00,0x00,0x00,0x00,
   0x00,0x00,0x00,0x00,0x00,0x00,0x00,0x00,0x00,0x00,0x00,0x00,0x00,0x00,0x00,0x00,0x00,0x00,0x00,0x00,
   0x00,0x00,0x00,0x00,0x00,0x00,0x00,0x00,0x00,0x00,0x00,0x00,0x00,0x00,0x00,0x00,0x00,0x00,0x00,0x00,
   0x00,0x00,0x00,0x00,0x00,0x00,0x00,0x00,0x00,0x00,0x00,0x00,0x00,0x00,0x00,0x00,0x00,0x00,0x00,0x00,0x00, // Code ASCII 32 SPACE
   0x00,0x00,0x00,0x00,0x00,0x00,0x38,0x00,0x00,0x38,0x00,0x00,0x38,0x00,0x00,0x38,0x00,0x00,0x38,0x00,
   0x00,0x38,0x00,0x00,0x38,0x00,0x00,0x38,0x00,0x00,0x38,0x00,0x00,0x38,0x00,0x00,0x38,0x00,0x00,0x38,
   0x00,0x00,0x38,0x00,0x00,0x38,0x00,0x00,0x38,0x00,0x00,0x00,0x00,0x00,0x00,0x00,0x00,0x38,0x00,0x00,
   0x38,0x00,0x00,0x38,0x00,0x00,0x00,0x00,0x00,0x00,0x00,0x00,0x00,0x00,0x00,0x00,0x00,0x00,0x00,0x00,0x00, // Code ASCII 33 !
   0x00,0x00,0x00,0x38,0x07,0x00,0x38,0x07,0x00,0x38,0x07,0x00,0x38,0x07,0x00,0x38,0x07,0x00,0x38,0x07,
   0x00,0x38,0x07,0x00,0x10,0x02,0x00,0x00,0x00,0x00,0x00,0x00,0x00,0x00,0x00,0x00,0x00,0x00,0x00,0x00,
   0x00,0x00,0x00,0x00,0x00,0x00,0x00,0x00,0x00,0x00,0x00,0x00,0x00,0x00,0x00,0x00,0x00,0x00,0x00,0x00,
   0x00,0x00,0x00,0x00,0x00,0x00,0x00,0x00,0x00,0x00,0x00,0x00,0x00,0x00,0x00,0x00,0x00,0x00,0x00,0x00,0x00, // Code ASCII 34 "
   0x00,0x00,0x00,0x00,0x00,0x00,0x00,0x8C,0x01,0x00,0x8C,0x01,0x00,0xC6,0x00,0x00,0xC6,0x00,0x00,0xC6,
   0x00,0x00,0xC6,0x00,0xE0,0xFF,0x07,0xE0,0xFF,0x07,0x00,0x63,0x00,0x00,0x63,0x00,0x80,0x31,0x00,0x80,
   0x31,0x00,0x80,0x31,0x00,0xF8,0xFF,0x01,0xF8,0xFF,0x01,0xC0,0x18,0x00,0xC0,0x18,0x00,0xC0,0x18,0x00,
   0x60,0x0C,0x00,0x60,0x0C,0x00,0x00,0x00,0x00,0x00,0x00,0x00,0x00,0x00,0x00,0x00,0x00,0x00,0x00,0x00,0x00, // Code ASCII 35 #
   0x00,0x00,0x00,0x00,0x06,0x00,0x00,0x06,0x00,0x00,0x06,0x00,0x00,0x06,0x00,0x80,0x3F,0x00,0xE0,0x7F,
   0x00,0x70,0x66,0x00,0x38,0x46,0x00,0x38,0x06,0x00,0x38,0x06,0x00,0x78,0x06,0x00,0xF0,0x07,0x00,0xE0,
   0x3F,0x00,0x00,0x7E,0x00,0x00,0xF6,0x00,0x00,0xE6,0x00,0x00,0xE6,0x00,0x08,0xE6,0x00,0x38,0x76,0x00,
   0xF8,0x3F,0x00,0xE0,0x1F,0x00,0x00,0x06,0x00,0x00,0x06,0x00,0x00,0x06,0x00,0x00,0x06,0x00,0x00,0x06,0x00, // Code ASCII 36 $
   0x00,0x00,0x00,0x00,0x00,0x00,0x7C,0x00,0x03,0xFE,0x80,0x01,0xC6,0x80,0x01,0x83,0xC1,0x00,0x83,0xC1,
   0x00,0x83,0x61,0x00,0x83,0x61,0x00,0x83,0x31,0x00,0x83,0x31,0x3E,0xC6,0x18,0x7F,0xFE,0x18,0x63,0x7C,
   0x8C,0xC1,0x00,0x8C,0xC1,0x00,0x86,0xC1,0x00,0x86,0xC1,0x00,0x83,0xC1,0x00,0x83,0xC1,0x80,0x01,0x63,
   0x80,0x01,0x7F,0xC0,0x00,0x3E,0x00,0x00,0x00,0x00,0x00,0x00,0x00,0x00,0x00,0x00,0x00,0x00,0x00,0x00,0x00, // Code ASCII 37 %
   0x00,0x00,0x00,0x00,0x00,0x00,0x80,0x0F,0x00,0xE0,0x1F,0x00,0xE0,0x3C,0x00,0x70,0x38,0x00,0x70,0x38,
   0x00,0x70,0x38,0x00,0xF0,0x18,0x00,0xE0,0x1D,0x00,0xC0,0x8F,0x03,0xC0,0x87,0x03,0x60,0x8F,0x03,0x70,
   0x9E,0x03,0x38,0xBC,0x03,0x38,0xF8,0x01,0x38,0xF0,0x01,0x38,0xE0,0x01,0x78,0xE0,0x03,0xF0,0xF0,0x07,
   0xE0,0x3F,0x0F,0xC0,0x0F,0x1E,0x00,0x00,0x00,0x00,0x00,0x00,0x00,0x00,0x00,0x00,0x00,0x00,0x00,0x00,0x00, // Code ASCII 38 &
   0x00,0x00,0x00,0x38,0x00,0x00,0x38,0x00,0x00,0x38,0x00,0x00,0x38,0x00,0x00,0x38,0x00,0x00,0x38,0x00,
   0x00,0x38,0x00,0x00,0x10,0x00,0x00,0x00,0x00,0x00,0x00,0x00,0x00,0x00,0x00,0x00,0x00,0x00,0x00,0x00,
   0x00,0x00,0x00,0x00,0x00,0x00,0x00,0x00,0x00,0x00,0x00,0x00,0x00,0x00,0x00,0x00,0x00,0x00,0x00,0x00,
   0x00,0x00,0x00,0x00,0x00,0x00,0x00,0x00,0x00,0x00,0x00,0x00,0x00,0x00,0x00,0x00,0x00,0x00,0x00,0x00,0x00, // Code ASCII 39 '
   0x00,0x00,0x00,0x00,0x07,0x00,0x80,0x03,0x00,0xC0,0x01,0x00,0xE0,0x00,0x00,0xE0,0x00,0x00,0x70,0x00,
   0x00,0x70,0x00,0x00,0x70,0x00,0x00,0x78,0x00,0x00,0x38,0x00,0x00,0x38,0x00,0x00,0x38,0x00,0x00,0x38,
   0x00,0x00,0x38,0x00,0x00,0x38,0x00,0x00,0x38,0x00,0x00,0x38,0x00,0x00,0x78,0x00,0x00,0x70,0x00,0x00,
   0x70,0x00,0x00,0x70,0x00,0x00,0xE0,0x00,0x00,0xE0,0x00,0x00,0xC0,0x01,0x00,0x80,0x03,0x00,0x00,0x07,0x00, // Code ASCII 40 (
   0x00,0x00,0x00,0x38,0x00,0x00,0x70,0x00,0x00,0xE0,0x00,0x00,0xC0,0x01,0x00,0xC0,0x01,0x00,0x80,0x03,
   0x00,0x80,0x03,0x00,0x80,0x03,0x00,0x80,0x07,0x00,0x00,0x07,0x00,0x00,0x07,0x00,0x00,0x07,0x00,0x00,
   0x07,0x00,0x00,0x07,0x00,0x00,0x07,0x00,0x00,0x07,0x00,0x00,0x07,0x00,0x80,0x07,0x00,0x80,0x03,0x00,
   0x80,0x03,0x00,0x80,0x03,0x00,0xC0,0x01,0x00,0xC0,0x01,0x00,0xE0,0x00,0x00,0x70,0x00,0x00,0x38,0x00,0x00, // Code ASCII 41 )
   0x00,0x00,0x00,0x00,0x00,0x00,0x00,0x00,0x00,0x00,0x00,0x00,0x00,0x00,0x00,0x00,0x00,0x00,0x00,0x00,
   0x00,0x00,0x06,0x00,0x00,0x06,0x00,0x20,0x46,0x00,0x70,0xE6,0x00,0xC0,0x3F,0x00,0x00,0x0F,0x00,0x00,
   0x0F,0x00,0xC0,0x3F,0x00,0x70,0xE6,0x00,0x20,0x46,0x00,0x00,0x06,0x00,0x00,0x06,0x00,0x00,0x00,0x00,
   0x00,0x00,0x00,0x00,0x00,0x00,0x00,0x00,0x00,0x00,0x00,0x00,0x00,0x00,0x00,0x00,0x00,0x00,0x00,0x00,0x00, // Code ASCII 42 *
   0x00,0x00,0x00,0x00,0x00,0x00,0x00,0x00,0x00,0x00,0x00,0x00,0x00,0x00,0x00,0x00,0x0C,0x00,0x00,0x0C,
   0x00,0x00,0x0C,0x00,0x00,0x0C,0x00,0x00,0x0C,0x00,0x00,0x0C,0x00,0x00,0x0C,0x00,0xF8,0xFF,0x07,0xF8,
   0xFF,0x07,0x00,0x0C,0x00,0x00,0x0C,0x00,0x00,0x0C,0x00,0x00,0x0C,0x00,0x00,0x0C,0x00,0x00,0x0C,0x00,
   0x00,0x0C,0x00,0x00,0x00,0x00,0x00,0x00,0x00,0x00,0x00,0x00,0x00,0x00,0x00,0x00,0x00,0x00,0x00,0x00,0x00, // Code ASCII 43 +
   0x00,0x00,0x00,0x00,0x00,0x00,0x00,0x00,0x00,0x00,0x00,0x00,0x00,0x00,0x00,0x00,0x00,0x00,0x00,0x00,
   0x00,0x00,0x00,0x00,0x00,0x00,0x00,0x00,0x00,0x00,0x00,0x00,0x00,0x00,0x00,0x00,0x00,0x00,0x00,0x00,
   0x00,0x00,0x00,0x00,0x00,0x00,0x00,0x00,0x00,0x00,0x00,0x00,0x00,0x00,0xE0,0x01,0x00,0xE0,0x00,0x00,
   0xE0,0x00,0x00,0x60,0x00,0x00,0x70,0x00,0x00,0x70,0x00,0x00,0x30,0x00,0x00,0x38,0x00,0x00,0x18,0x00,0x00, // Code ASCII 44 ,
   0x00,0x00,0x00,0x00,0x00,0x00,0x00,0x00,0x00,0x00,0x00,0x00,0x00,0x00,0x00,0x00,0x00,0x00,0x00,0x00,
   0x00,0x00,0x00,0x00,0x00,0x00,0x00,0x00,0x00,0x00,0x00,0x00,0x00,0x00,0x00,0x00,0xF8,0x07,0x00,0xF8,
   0x07,0x00,0x00,0x00,0x00,0x00,0x00,0x00,0x00,0x00,0x00,0x00,0x00,0x00,0x00,0x00,0x00,0x00,0x00,0x00,
   0x00,0x00,0x00,0x00,0x00,0x00,0x00,0x00,0x00,0x00,0x00,0x00,0x00,0x00,0x00,0x00,0x00,0x00,0x00,0x00,0x00, // Code ASCII 45 -
   0x00,0x00,0x00,0x00,0x00,0x00,0x00,0x00,0x00,0x00,0x00,0x00,0x00,0x00,0x00,0x00,0x00,0x00,0x00,0x00,
   0x00,0x00,0x00,0x00,0x00,0x00,0x00,0x00,0x00,0x00,0x00,0x00,0x00,0x00,0x00,0x00,0x00,0x00,0x00,0x00,
   0x00,0x00,0x00,0x00,0x00,0x00,0x00,0x00,0x00,0x00,0x00,0x00,0x00,0x00,0x78,0x00,0x00,0x78,0x00,0x00,
   0x78,0x00,0x00,0x78,0x00,0x00,0x00,0x00,0x00,0x00,0x00,0x00,0x00,0x00,0x00,0x00,0x00,0x00,0x00,0x00,0x00, // Code ASCII 46 .
   0x00,0x00,0x00,0x00,0x18,0x00,0x00,0x1C,0x00,0x00,0x0C,0x00,0x00,0x0C,0x00,0x00,0x0C,0x00,0x00,0x06,
   0x00,0x00,0x06,0x00,0x00,0x06,0x00,0x00,0x03,0x00,0x00,0x03,0x00,0x00,0x03,0x00,0x80,0x01,0x00,0x80,
   0x01,0x00,0x80,0x01,0x00,0xC0,0x00,0x00,0xC0,0x00,0x00,0xC0,0x00,0x00,0x60,0x00,0x00,0x60,0x00,0x00,
   0x60,0x00,0x00,0x30,0x00,0x00,0x30,0x00,0x00,0x30,0x00,0x00,0x38,0x00,0x00,0x18,0x00,0x00,0x00,0x00,0x00, // Code ASCII 47
   0x00,0x00,0x00,0x00,0x00,0x00,0x80,0x0F,0x00,0xE0,0x3F,0x00,0xE0,0x38,0x00,0x70,0x70,0x00,0x70,0x70,
   0x00,0x38,0xE0,0x00,0x38,0xE0,0x00,0x38,0xE0,0x00,0x38,0xE0,0x00,0x38,0xE0,0x00,0x38,0xE0,0x00,0x38,
   0xE0,0x00,0x38,0xE0,0x00,0x38,0xE0,0x00,0x38,0xE0,0x00,0x70,0x70,0x00,0x70,0x70,0x00,0xE0,0x38,0x00,
   0xE0,0x3F,0x00,0x80,0x0F,0x00,0x00,0x00,0x00,0x00,0x00,0x00,0x00,0x00,0x00,0x00,0x00,0x00,0x00,0x00,0x00, // Code ASCII 48 0
   0x00,0x00,0x00,0x00,0x00,0x00,0x00,0x03,0x00,0x80,0x03,0x00,0xC0,0x03,0x00,0xF8,0x03,0x00,0xF8,0x03,
   0x00,0x80,0x03,0x00,0x80,0x03,0x00,0x80,0x03,0x00,0x80,0x03,0x00,0x80,0x03,0x00,0x80,0x03,0x00,0x80,
   0x03,0x00,0x80,0x03,0x00,0x80,0x03,0x00,0x80,0x03,0x00,0x80,0x03,0x00,0x80,0x03,0x00,0x80,0x03,0x00,
   0xF8,0x3F,0x00,0xF8,0x3F,0x00,0x00,0x00,0x00,0x00,0x00,0x00,0x00,0x00,0x00,0x00,0x00,0x00,0x00,0x00,0x00, // Code ASCII 49 1
   0x00,0x00,0x00,0x00,0x00,0x00,0xE0,0x07,0x00,0xF8,0x0F,0x00,0x38,0x1C,0x00,0x08,0x38,0x00,0x00,0x38,
   0x00,0x00,0x38,0x00,0x00,0x38,0x00,0x00,0x38,0x00,0x00,0x1C,0x00,0x00,0x1C,0x00,0x00,0x0E,0x00,0x00,
   0x0F,0x00,0x80,0x07,0x00,0x80,0x03,0x00,0xC0,0x01,0x00,0xE0,0x00,0x00,0x70,0x00,0x00,0x38,0x00,0x00,
   0xF8,0x7F,0x00,0xF8,0x7F,0x00,0x00,0x00,0x00,0x00,0x00,0x00,0x00,0x00,0x00,0x00,0x00,0x00,0x00,0x00,0x00, // Code ASCII 50 2
   0x00,0x00,0x00,0x00,0x00,0x00,0xC0,0x0F,0x00,0xF0,0x3F,0x00,0x70,0x78,0x00,0x10,0x70,0x00,0x00,0x70,
   0x00,0x00,0x70,0x00,0x00,0x70,0x00,0x00,0x3C,0x00,0x80,0x0F,0x00,0x80,0x0F,0x00,0x00,0x38,0x00,0x00,
   0x30,0x00,0x00,0x70,0x00,0x00,0x70,0x00,0x00,0x70,0x00,0x00,0x70,0x00,0x08,0x38,0x00,0x38,0x3C,0x00,
   0xF8,0x1F,0x00,0xE0,0x07,0x00,0x00,0x00,0x00,0x00,0x00,0x00,0x00,0x00,0x00,0x00,0x00,0x00,0x00,0x00,0x00, // Code ASCII 51 3
   0x00,0x00,0x00,0x00,0x00,0x00,0x00,0x38,0x00,0x00,0x3C,0x00,0x00,0x3E,0x00,0x00,0x3B,0x00,0x00,0x3B,
   0x00,0x80,0x39,0x00,0xC0,0x38,0x00,0x60,0x38,0x00,0x30,0x38,0x00,0x30,0x38,0x00,0x18,0x38,0x00,0xF8,
   0xFF,0x00,0xF8,0xFF,0x00,0x00,0x38,0x00,0x00,0x38,0x00,0x00,0x38,0x00,0x00,0x38,0x00,0x00,0x38,0x00,
   0x00,0x38,0x00,0x00,0x38,0x00,0x00,0x00,0x00,0x00,0x00,0x00,0x00,0x00,0x00,0x00,0x00,0x00,0x00,0x00,0x00, // Code ASCII 52 4
   0x00,0x00,0x00,0x00,0x00,0x00,0xF0,0x7F,0x00,0xF0,0x7F,0x00,0x70,0x00,0x00,0x70,0x00,0x00,0x70,0x00,
   0x00,0x70,0x00,0x00,0x70,0x00,0x00,0xF0,0x0F,0x00,0xF0,0x1F,0x00,0x00,0x3C,0x00,0x00,0x78,0x00,0x00,
   0x70,0x00,0x00,0x70,0x00,0x00,0x70,0x00,0x00,0x70,0x00,0x00,0x70,0x00,0x08,0x38,0x00,0x38,0x3C,0x00,
   0xF8,0x1F,0x00,0xE0,0x07,0x00,0x00,0x00,0x00,0x00,0x00,0x00,0x00,0x00,0x00,0x00,0x00,0x00,0x00,0x00,0x00, // Code ASCII 53 5
   0x00,0x00,0x00,0x00,0x00,0x00,0x00,0x3E,0x00,0x80,0x3F,0x00,0xC0,0x21,0x00,0xE0,0x00,0x00,0x70,0x00,
   0x00,0x70,0x00,0x00,0x30,0x00,0x00,0x38,0x1F,0x00,0xF8,0x3F,0x00,0x78,0x78,0x00,0x38,0xF0,0x00,0x38,
   0xE0,0x00,0x38,0xE0,0x00,0x38,0xE0,0x00,0x38,0xE0,0x00,0x70,0xE0,0x00,0x70,0x70,0x00,0xE0,0x78,0x00,
   0xE0,0x3F,0x00,0x80,0x0F,0x00,0x00,0x00,0x00,0x00,0x00,0x00,0x00,0x00,0x00,0x00,0x00,0x00,0x00,0x00,0x00, // Code ASCII 54 6
   0x00,0x00,0x00,0x00,0x00,0x00,0xF8,0x7F,0x00,0xF8,0x7F,0x00,0x00,0x70,0x00,0x00,0x70,0x00,0x00,0x38,
   0x00,0x00,0x38,0x00,0x00,0x1C,0x00,0x00,0x1C,0x00,0x00,0x0E,0x00,0x00,0x0E,0x00,0x00,0x07,0x00,0x00,
   0x07,0x00,0x80,0x03,0x00,0x80,0x03,0x00,0x80,0x03,0x00,0xC0,0x01,0x00,0xC0,0x01,0x00,0xE0,0x00,0x00,
   0xE0,0x00,0x00,0x70,0x00,0x00,0x00,0x00,0x00,0x00,0x00,0x00,0x00,0x00,0x00,0x00,0x00,0x00,0x00,0x00,0x00, // Code ASCII 55 7
   0x00,0x00,0x00,0x00,0x00,0x00,0x80,0x1F,0x00,0xE0,0x3F,0x00,0x70,0x70,0x00,0x38,0xE0,0x00,0x38,0xE0,
   0x00,0x38,0xE0,0x00,0x78,0xE0,0x00,0xF0,0x70,0x00,0xE0,0x3B,0x00,0xC0,0x1F,0x00,0x70,0x3E,0x00,0x70,
   0x78,0x00,0x38,0xF0,0x00,0x38,0xE0,0x00,0x38,0xE0,0x00,0x38,0xE0,0x00,0x78,0xF0,0x00,0xF0,0x78,0x00,
   0xE0,0x3F,0x00,0x80,0x0F,0x00,0x00,0x00,0x00,0x00,0x00,0x00,0x00,0x00,0x00,0x00,0x00,0x00,0x00,0x00,0x00, // Code ASCII 56 8
   0x00,0x00,0x00,0x00,0x00,0x00,0x80,0x0F,0x00,0xE0,0x3F,0x00,0xF0,0x38,0x00,0x70,0x70,0x00,0x38,0x70,
   0x00,0x38,0xE0,0x00,0x38,0xE0,0x00,0x38,0xE0,0x00,0x38,0xE0,0x00,0x78,0xE0,0x00,0xF0,0xF0,0x00,0xE0,
   0xFF,0x00,0xC0,0xE7,0x00,0x00,0x60,0x00,0x00,0x70,0x00,0x00,0x70,0x00,0x00,0x38,0x00,0x20,0x1C,0x00,
   0xE0,0x0F,0x00,0xE0,0x03,0x00,0x00,0x00,0x00,0x00,0x00,0x00,0x00,0x00,0x00,0x00,0x00,0x00,0x00,0x00,0x00, // Code ASCII 57 9
   0x00,0x00,0x00,0x00,0x00,0x00,0x00,0x00,0x00,0x00,0x00,0x00,0x00,0x00,0x00,0x00,0x00,0x00,0x00,0x00,
   0x00,0x38,0x00,0x00,0x38,0x00,0x00,0x38,0x00,0x00,0x38,0x00,0x00,0x00,0x00,0x00,0x00,0x00,0x00,0x00,
   0x00,0x00,0x00,0x00,0x00,0x00,0x00,0x00,0x00,0x00,0x00,0x00,0x00,0x00,0x38,0x00,0x00,0x38,0x00,0x00,
   0x38,0x00,0x00,0x38,0x00,0x00,0x00,0x00,0x00,0x00,0x00,0x00,0x00,0x00,0x00,0x00,0x00,0x00,0x00,0x00,0x00, // Code ASCII 58 :
   0x00,0x00,0x00,0x00,0x00,0x00,0x00,0x00,0x00,0x00,0x00,0x00,0x00,0x00,0x00,0x00,0x00,0x00,0x00,0x00,
   0x00,0xE0,0x00,0x00,0xE0,0x00,0x00,0xE0,0x00,0x00,0xE0,0x00,0x00,0x00,0x00,0x00,0x00,0x00,0x00,0x00,
   0x00,0x00,0x00,0x00,0x00,0x00,0x00,0x00,0x00,0x00,0x00,0x00,0x00,0x00,0xE0,0x01,0x00,0xE0,0x00,0x00,
   0xE0,0x00,0x00,0x60,0x00,0x00,0x70,0x00,0x00,0x70,0x00,0x00,0x30,0x00,0x00,0x38,0x00,0x00,0x18,0x00,0x00, // Code ASCII 59
   0x00,0x00,0x00,0x00,0x00,0x00,0x00,0x00,0x00,0x00,0x00,0x00,0x00,0x00,0x00,0x00,0x00,0x00,0x00,0x00,
   0x01,0x00,0xC0,0x01,0x00,0xF0,0x00,0x00,0x3C,0x00,0x00,0x0F,0x00,0xC0,0x03,0x00,0xF0,0x00,0x00,0x38,
   0x00,0x00,0xF0,0x00,0x00,0xC0,0x03,0x00,0x00,0x0F,0x00,0x00,0x3C,0x00,0x00,0xF0,0x00,0x00,0xC0,0x01,
   0x00,0x00,0x01,0x00,0x00,0x00,0x00,0x00,0x00,0x00,0x00,0x00,0x00,0x00,0x00,0x00,0x00,0x00,0x00,0x00,0x00, // Code ASCII 60
   0x00,0x00,0x00,0x00,0x00,0x00,0x00,0x00,0x00,0x00,0x00,0x00,0x00,0x00,0x00,0x00,0x00,0x00,0x00,0x00,
   0x00,0x00,0x00,0x00,0x00,0x00,0x00,0x00,0x00,0x00,0xF8,0xFF,0x03,0xF8,0xFF,0x03,0x00,0x00,0x00,0x00,
   0x00,0x00,0x00,0x00,0x00,0x00,0x00,0x00,0xF8,0xFF,0x03,0xF8,0xFF,0x03,0x00,0x00,0x00,0x00,0x00,0x00,
   0x00,0x00,0x00,0x00,0x00,0x00,0x00,0x00,0x00,0x00,0x00,0x00,0x00,0x00,0x00,0x00,0x00,0x00,0x00,0x00,0x00, // Code ASCII 61 =
   0x00,0x00,0x00,0x00,0x00,0x00,0x00,0x00,0x00,0x00,0x00,0x00,0x00,0x00,0x00,0x00,0x00,0x00,0x08,0x00,
   0x00,0x38,0x00,0x00,0xF0,0x00,0x00,0xC0,0x03,0x00,0x00,0x0F,0x00,0x00,0x3C,0x00,0x00,0xF0,0x00,0x00,
   0xC0,0x01,0x00,0xF0,0x00,0x00,0x3C,0x00,0x00,0x0F,0x00,0xC0,0x03,0x00,0xF0,0x00,0x00,0x38,0x00,0x00,
   0x08,0x00,0x00,0x00,0x00,0x00,0x00,0x00,0x00,0x00,0x00,0x00,0x00,0x00,0x00,0x00,0x00,0x00,0x00,0x00,0x00, // Code ASCII 62 >
   0x00,0x00,0x00,0x00,0x00,0x00,0xE0,0x07,0x00,0xF8,0x1F,0x00,0x18,0x1C,0x00,0x08,0x38,0x00,0x00,0x38,
   0x00,0x00,0x38,0x00,0x00,0x38,0x00,0x00,0x1C,0x00,0x00,0x1E,0x00,0x00,0x0F,0x00,0x80,0x07,0x00,0xC0,
   0x01,0x00,0xC0,0x00,0x00,0xC0,0x00,0x00,0xC0,0x00,0x00,0x00,0x00,0x00,0x00,0x00,0x00,0xC0,0x00,0x00,
   0xC0,0x00,0x00,0xC0,0x00,0x00,0x00,0x00,0x00,0x00,0x00,0x00,0x00,0x00,0x00,0x00,0x00,0x00,0x00,0x00,0x00, // Code ASCII 63 ?
   0x00,0x00,0x00,0x00,0x00,0x00,0x00,0xFC,0x01,0x00,0xFF,0x07,0x80,0x07,0x1E,0xC0,0x01,0x38,0xE0,0x00,
   0x30,0x60,0xF8,0x63,0x30,0xFC,0x63,0x30,0x0E,0xE3,0x18,0x07,0xC3,0x18,0x03,0xC3,0x18,0x03,0xC3,0x18,
   0x03,0xC3,0x18,0x03,0xC3,0x18,0x03,0xC3,0x18,0x03,0xC3,0x30,0x86,0x63,0x30,0xFE,0x7F,0x70,0x78,0x3F,
   0xE0,0x00,0x00,0xC0,0x01,0x00,0x80,0x07,0x02,0x00,0xFF,0x03,0x00,0xFC,0x03,0x00,0x00,0x00,0x00,0x00,0x00, // Code ASCII 64 @
   0x00,0x00,0x00,0x00,0x00,0x00,0x00,0x1E,0x00,0x00,0x1E,0x00,0x00,0x1E,0x00,0x00,0x3F,0x00,0x00,0x3F,
   0x00,0x00,0x3F,0x00,0x80,0x73,0x00,0x80,0x73,0x00,0x80,0x73,0x00,0xC0,0xE1,0x00,0xC0,0xE1,0x00,0xC0,
   0xE1,0x00,0xE0,0xFF,0x01,0xE0,0xFF,0x01,0xE0,0xC0,0x01,0xF0,0xC0,0x03,0x70,0x80,0x03,0x70,0x80,0x03,
   0x78,0x80,0x07,0x38,0x00,0x07,0x00,0x00,0x00,0x00,0x00,0x00,0x00,0x00,0x00,0x00,0x00,0x00,0x00,0x00,0x00, // Code ASCII 65 UPPER CASE A
   0x00,0x00,0x00,0x00,0x00,0x00,0xF8,0x0F,0x00,0xF8,0x3F,0x00,0x38,0x78,0x00,0x38,0x70,0x00,0x38,0x70,
   0x00,0x38,0x70,0x00,0x38,0x70,0x00,0x38,0x38,0x00,0xF8,0x1F,0x00,0xF8,0x3F,0x00,0x38,0x70,0x00,0x38,
   0xE0,0x00,0x38,0xE0,0x00,0x38,0xE0,0x00,0x38,0xE0,0x00,0x38,0xE0,0x00,0x38,0x70,0x00,0x38,0x78,0x00,
   0xF8,0x3F,0x00,0xF8,0x0F,0x00,0x00,0x00,0x00,0x00,0x00,0x00,0x00,0x00,0x00,0x00,0x00,0x00,0x00,0x00,0x00, // Code ASCII 66 UPPER CASE B
   0x00,0x00,0x00,0x00,0x00,0x00,0x00,0x3F,0x00,0x80,0xFF,0x01,0xE0,0xC1,0x01,0xE0,0x80,0x01,0x70,0x00,
   0x01,0x70,0x00,0x00,0x38,0x00,0x00,0x38,0x00,0x00,0x38,0x00,0x00,0x38,0x00,0x00,0x38,0x00,0x00,0x38,
   0x00,0x00,0x38,0x00,0x00,0x38,0x00,0x00,0x70,0x00,0x00,0x70,0x00,0x01,0xE0,0x80,0x01,0xE0,0xC1,0x01,
   0xC0,0xFF,0x01,0x00,0x3F,0x00,0x00,0x00,0x00,0x00,0x00,0x00,0x00,0x00,0x00,0x00,0x00,0x00,0x00,0x00,0x00, // Code ASCII 67 UPPER CASE C
   0x00,0x00,0x00,0x00,0x00,0x00,0xF8,0x0F,0x00,0xF8,0x3F,0x00,0x38,0x78,0x00,0x38,0xE0,0x00,0x38,0xC0,
   0x01,0x38,0xC0,0x01,0x38,0x80,0x03,0x38,0x80,0x03,0x38,0x80,0x03,0x38,0x80,0x03,0x38,0x80,0x03,0x38,
   0x80,0x03,0x38,0x80,0x03,0x38,0x80,0x03,0x38,0xC0,0x01,0x38,0xC0,0x01,0x38,0xE0,0x00,0x38,0x78,0x00,
   0xF8,0x3F,0x00,0xF8,0x0F,0x00,0x00,0x00,0x00,0x00,0x00,0x00,0x00,0x00,0x00,0x00,0x00,0x00,0x00,0x00,0x00, // Code ASCII 68 UPPER CASE D
   0x00,0x00,0x00,0x00,0x00,0x00,0xF8,0x7F,0x00,0xF8,0x7F,0x00,0x38,0x00,0x00,0x38,0x00,0x00,0x38,0x00,
   0x00,0x38,0x00,0x00,0x38,0x00,0x00,0x38,0x00,0x00,0xF8,0x3F,0x00,0xF8,0x3F,0x00,0x38,0x00,0x00,0x38,
   0x00,0x00,0x38,0x00,0x00,0x38,0x00,0x00,0x38,0x00,0x00,0x38,0x00,0x00,0x38,0x00,0x00,0x38,0x00,0x00,
   0xF8,0x7F,0x00,0xF8,0x7F,0x00,0x00,0x00,0x00,0x00,0x00,0x00,0x00,0x00,0x00,0x00,0x00,0x00,0x00,0x00,0x00, // Code ASCII 69 UPPER CASE E
   0x00,0x00,0x00,0x00,0x00,0x00,0xF8,0x7F,0x00,0xF8,0x7F,0x00,0x38,0x00,0x00,0x38,0x00,0x00,0x38,0x00,
   0x00,0x38,0x00,0x00,0x38,0x00,0x00,0x38,0x00,0x00,0xF8,0x7F,0x00,0xF8,0x7F,0x00,0x38,0x00,0x00,0x38,
   0x00,0x00,0x38,0x00,0x00,0x38,0x00,0x00,0x38,0x00,0x00,0x38,0x00,0x00,0x38,0x00,0x00,0x38,0x00,0x00,
   0x38,0x00,0x00,0x38,0x00,0x00,0x00,0x00,0x00,0x00,0x00,0x00,0x00,0x00,0x00,0x00,0x00,0x00,0x00,0x00,0x00, // Code ASCII 70 UPPER CASE F
   0x00,0x00,0x00,0x00,0x00,0x00,0x00,0xFE,0x00,0x80,0xFF,0x03,0xC0,0x83,0x07,0xE0,0x00,0x06,0x70,0x00,
   0x04,0x70,0x00,0x00,0x38,0x00,0x00,0x38,0x00,0x00,0x38,0x00,0x00,0x38,0x00,0x00,0x38,0xF0,0x07,0x38,
   0xF0,0x07,0x38,0x00,0x07,0x38,0x00,0x07,0x70,0x00,0x07,0x70,0x00,0x07,0xE0,0x00,0x07,0xC0,0x03,0x07,
   0x80,0xFF,0x07,0x00,0xFE,0x00,0x00,0x00,0x00,0x00,0x00,0x00,0x00,0x00,0x00,0x00,0x00,0x00,0x00,0x00,0x00, // Code ASCII 71 UPPER CASE G
   0x00,0x00,0x00,0x00,0x00,0x00,0x38,0xC0,0x01,0x38,0xC0,0x01,0x38,0xC0,0x01,0x38,0xC0,0x01,0x38,0xC0,
   0x01,0x38,0xC0,0x01,0x38,0xC0,0x01,0x38,0xC0,0x01,0xF8,0xFF,0x01,0xF8,0xFF,0x01,0x38,0xC0,0x01,0x38,
   0xC0,0x01,0x38,0xC0,0x01,0x38,0xC0,0x01,0x38,0xC0,0x01,0x38,0xC0,0x01,0x38,0xC0,0x01,0x38,0xC0,0x01,
   0x38,0xC0,0x01,0x38,0xC0,0x01,0x00,0x00,0x00,0x00,0x00,0x00,0x00,0x00,0x00,0x00,0x00,0x00,0x00,0x00,0x00, // Code ASCII 72 UPPER CASE H
   0x00,0x00,0x00,0x00,0x00,0x00,0xF8,0x0F,0x00,0xF8,0x0F,0x00,0xC0,0x01,0x00,0xC0,0x01,0x00,0xC0,0x01,
   0x00,0xC0,0x01,0x00,0xC0,0x01,0x00,0xC0,0x01,0x00,0xC0,0x01,0x00,0xC0,0x01,0x00,0xC0,0x01,0x00,0xC0,
   0x01,0x00,0xC0,0x01,0x00,0xC0,0x01,0x00,0xC0,0x01,0x00,0xC0,0x01,0x00,0xC0,0x01,0x00,0xC0,0x01,0x00,
   0xF8,0x0F,0x00,0xF8,0x0F,0x00,0x00,0x00,0x00,0x00,0x00,0x00,0x00,0x00,0x00,0x00,0x00,0x00,0x00,0x00,0x00, // Code ASCII 73 UPPER CASE I
   0x00,0x00,0x00,0x00,0x00,0x00,0xE0,0x0F,0x00,0xE0,0x0F,0x00,0x00,0x0E,0x00,0x00,0x0E,0x00,0x00,0x0E,
   0x00,0x00,0x0E,0x00,0x00,0x0E,0x00,0x00,0x0E,0x00,0x00,0x0E,0x00,0x00,0x0E,0x00,0x00,0x0E,0x00,0x00,
   0x0E,0x00,0x00,0x0E,0x00,0x00,0x0E,0x00,0x00,0x0E,0x00,0x00,0x0E,0x00,0x00,0x0E,0x00,0x08,0x07,0x00,
   0xF8,0x07,0x00,0xF8,0x01,0x00,0x00,0x00,0x00,0x00,0x00,0x00,0x00,0x00,0x00,0x00,0x00,0x00,0x00,0x00,0x00, // Code ASCII 74 UPPER CASE J
   0x00,0x00,0x00,0x00,0x00,0x00,0x38,0xE0,0x01,0x38,0xF0,0x00,0x38,0x78,0x00,0x38,0x3C,0x00,0x38,0x1E,
   0x00,0x38,0x0F,0x00,0xB8,0x07,0x00,0xB8,0x03,0x00,0xF8,0x01,0x00,0xF8,0x01,0x00,0xF8,0x03,0x00,0xB8,
   0x07,0x00,0x38,0x0F,0x00,0x38,0x0E,0x00,0x38,0x1E,0x00,0x38,0x3C,0x00,0x38,0x38,0x00,0x38,0x70,0x00,
   0x38,0xF0,0x00,0x38,0xE0,0x01,0x00,0x00,0x00,0x00,0x00,0x00,0x00,0x00,0x00,0x00,0x00,0x00,0x00,0x00,0x00, // Code ASCII 75  UPPER CASE K
   0x00,0x00,0x00,0x00,0x00,0x00,0x38,0x00,0x00,0x38,0x00,0x00,0x38,0x00,0x00,0x38,0x00,0x00,0x38,0x00,
   0x00,0x38,0x00,0x00,0x38,0x00,0x00,0x38,0x00,0x00,0x38,0x00,0x00,0x38,0x00,0x00,0x38,0x00,0x00,0x38,
   0x00,0x00,0x38,0x00,0x00,0x38,0x00,0x00,0x38,0x00,0x00,0x38,0x00,0x00,0x38,0x00,0x00,0x38,0x00,0x00,
   0xF8,0x3F,0x00,0xF8,0x3F,0x00,0x00,0x00,0x00,0x00,0x00,0x00,0x00,0x00,0x00,0x00,0x00,0x00,0x00,0x00,0x00, // Code ASCII 76 UPPER CASE L
   0x00,0x00,0x00,0x00,0x00,0x00,0x78,0x00,0x0F,0xF8,0x80,0x0F,0xF8,0x80,0x0F,0xF8,0x81,0x0F,0xB8,0xC1,
   0x0E,0xB8,0xC1,0x0E,0x38,0x63,0x0E,0x38,0x63,0x0E,0x38,0x67,0x0E,0x38,0x36,0x0E,0x38,0x3E,0x0E,0x38,
   0x1C,0x0E,0x38,0x1C,0x0E,0x38,0x08,0x0E,0x38,0x00,0x0E,0x38,0x00,0x0E,0x38,0x00,0x0E,0x38,0x00,0x0E,
   0x38,0x00,0x0E,0x38,0x00,0x0E,0x00,0x00,0x00,0x00,0x00,0x00,0x00,0x00,0x00,0x00,0x00,0x00,0x00,0x00,0x00, // Code ASCII 77 UPPER CASE M
   0x00,0x00,0x00,0x00,0x00,0x00,0x78,0xC0,0x01,0xF8,0xC0,0x01,0xF8,0xC0,0x01,0xF8,0xC1,0x01,0xB8,0xC1,
   0x01,0xB8,0xC3,0x01,0x38,0xC3,0x01,0x38,0xC3,0x01,0x38,0xC6,0x01,0x38,0xC6,0x01,0x38,0xCE,0x01,0x38,
   0xCC,0x01,0x38,0xDC,0x01,0x38,0xD8,0x01,0x38,0xD8,0x01,0x38,0xF0,0x01,0x38,0xF0,0x01,0x38,0xF0,0x01,
   0x38,0xE0,0x01,0x38,0xE0,0x01,0x00,0x00,0x00,0x00,0x00,0x00,0x00,0x00,0x00,0x00,0x00,0x00,0x00,0x00,0x00, // Code ASCII 78 UPPER CASE N
   0x00,0x00,0x00,0x00,0x00,0x00,0x00,0x7F,0x00,0x80,0xFF,0x00,0xE0,0xC1,0x03,0xE0,0x80,0x03,0x70,0x00,
   0x07,0x70,0x00,0x07,0x38,0x00,0x0E,0x38,0x00,0x0E,0x38,0x00,0x0E,0x38,0x00,0x0E,0x38,0x00,0x0E,0x38,
   0x00,0x0E,0x38,0x00,0x0E,0x38,0x00,0x0E,0x70,0x00,0x07,0x70,0x00,0x07,0xE0,0x80,0x03,0xE0,0xC1,0x03,
   0xC0,0xFF,0x00,0x00,0x7F,0x00,0x00,0x00,0x00,0x00,0x00,0x00,0x00,0x00,0x00,0x00,0x00,0x00,0x00,0x00,0x00, // Code ASCII 79 UPPER CASE 0
   0x00,0x00,0x00,0x00,0x00,0x00,0xF8,0x0F,0x00,0xF8,0x3F,0x00,0x38,0x78,0x00,0x38,0x70,0x00,0x38,0xE0,
   0x00,0x38,0xE0,0x00,0x38,0xE0,0x00,0x38,0xE0,0x00,0x38,0xE0,0x00,0x38,0x70,0x00,0x38,0x78,0x00,0xF8,
   0x3F,0x00,0xF8,0x0F,0x00,0x38,0x00,0x00,0x38,0x00,0x00,0x38,0x00,0x00,0x38,0x00,0x00,0x38,0x00,0x00,
   0x38,0x00,0x00,0x38,0x00,0x00,0x00,0x00,0x00,0x00,0x00,0x00,0x00,0x00,0x00,0x00,0x00,0x00,0x00,0x00,0x00, // Code ASCII 80 UPPER CASE P
   0x00,0x00,0x00,0x00,0x00,0x00,0x00,0x7F,0x00,0x80,0xFF,0x00,0xE0,0xC1,0x03,0xE0,0x80,0x03,0x70,0x00,
   0x07,0x70,0x00,0x07,0x38,0x00,0x0E,0x38,0x00,0x0E,0x38,0x00,0x0E,0x38,0x00,0x0E,0x38,0x00,0x0E,0x38,
   0x00,0x0E,0x38,0x00,0x0E,0x38,0x00,0x0E,0x70,0x00,0x07,0x70,0x00,0x07,0xE0,0x80,0x03,0xE0,0xC1,0x03,
   0x80,0xFF,0x01,0x00,0x7F,0x00,0x00,0x70,0x00,0x00,0x70,0x00,0x00,0xE0,0x00,0x00,0xE0,0x0F,0x00,0x80,0x0F, // Code ASCII 81 UPPER CASE Q
   0x00,0x00,0x00,0x00,0x00,0x00,0xF8,0x0F,0x00,0xF8,0x1F,0x00,0x38,0x38,0x00,0x38,0x70,0x00,0x38,0x70,
   0x00,0x38,0x70,0x00,0x38,0x70,0x00,0x38,0x70,0x00,0x38,0x38,0x00,0x38,0x3C,0x00,0xF8,0x1F,0x00,0xF8,
   0x07,0x00,0x38,0x0F,0x00,0x38,0x1E,0x00,0x38,0x3C,0x00,0x38,0x38,0x00,0x38,0x78,0x00,0x38,0xF0,0x00,
   0x38,0xE0,0x01,0x38,0xC0,0x03,0x00,0x00,0x00,0x00,0x00,0x00,0x00,0x00,0x00,0x00,0x00,0x00,0x00,0x00,0x00, // Code ASCII 82 UPPER CASE R
   0x00,0x00,0x00,0x00,0x00,0x00,0x80,0x1F,0x00,0xE0,0x7F,0x00,0xF0,0x70,0x00,0x38,0x40,0x00,0x38,0x00,
   0x00,0x38,0x00,0x00,0x38,0x00,0x00,0x78,0x00,0x00,0xF0,0x01,0x00,0xE0,0x1F,0x00,0x80,0x3F,0x00,0x00,
   0x78,0x00,0x00,0xF0,0x00,0x00,0xE0,0x00,0x00,0xE0,0x00,0x08,0xE0,0x00,0x18,0x70,0x00,0x78,0x78,0x00,
   0xF8,0x3F,0x00,0xC0,0x0F,0x00,0x00,0x00,0x00,0x00,0x00,0x00,0x00,0x00,0x00,0x00,0x00,0x00,0x00,0x00,0x00, // Code ASCII 83 UPPER CASE S
   0x00,0x00,0x00,0x00,0x00,0x00,0xF8,0xFF,0x0F,0xF8,0xFF,0x0F,0x00,0x1C,0x00,0x00,0x1C,0x00,0x00,0x1C,
   0x00,0x00,0x1C,0x00,0x00,0x1C,0x00,0x00,0x1C,0x00,0x00,0x1C,0x00,0x00,0x1C,0x00,0x00,0x1C,0x00,0x00,
   0x1C,0x00,0x00,0x1C,0x00,0x00,0x1C,0x00,0x00,0x1C,0x00,0x00,0x1C,0x00,0x00,0x1C,0x00,0x00,0x1C,0x00,
   0x00,0x1C,0x00,0x00,0x1C,0x00,0x00,0x00,0x00,0x00,0x00,0x00,0x00,0x00,0x00,0x00,0x00,0x00,0x00,0x00,0x00, // Code ASCII 84 UPPER CASE T
   0x00,0x00,0x00,0x00,0x00,0x00,0x38,0xC0,0x01,0x38,0xC0,0x01,0x38,0xC0,0x01,0x38,0xC0,0x01,0x38,0xC0,
   0x01,0x38,0xC0,0x01,0x38,0xC0,0x01,0x38,0xC0,0x01,0x38,0xC0,0x01,0x38,0xC0,0x01,0x38,0xC0,0x01,0x38,
   0xC0,0x01,0x38,0xC0,0x01,0x38,0xC0,0x01,0x38,0xC0,0x01,0x38,0xC0,0x01,0x70,0xE0,0x00,0xF0,0xF0,0x00,
   0xE0,0x7F,0x00,0x80,0x1F,0x00,0x00,0x00,0x00,0x00,0x00,0x00,0x00,0x00,0x00,0x00,0x00,0x00,0x00,0x00,0x00, // Code ASCII 85 UPPER CASE U
   0x00,0x00,0x00,0x00,0x00,0x00,0x38,0x00,0x07,0x78,0x80,0x07,0x70,0x80,0x03,0x70,0x80,0x03,0xF0,0xC0,
   0x03,0xE0,0xC0,0x01,0xE0,0xC0,0x01,0xE0,0xE1,0x01,0xC0,0xE1,0x00,0xC0,0xE1,0x00,0xC0,0xF3,0x00,0x80,
   0x73,0x00,0x80,0x73,0x00,0x80,0x73,0x00,0x00,0x3F,0x00,0x00,0x3F,0x00,0x00,0x3F,0x00,0x00,0x1E,0x00,
   0x00,0x1E,0x00,0x00,0x1E,0x00,0x00,0x00,0x00,0x00,0x00,0x00,0x00,0x00,0x00,0x00,0x00,0x00,0x00,0x00,0x00, // Code ASCII 86 UPPER CASE V
   0x00,0x00,0x00,0x00,0x00,0x00,0x07,0x18,0xE0,0x07,0x3C,0xE0,0x0E,0x3C,0x70,0x0E,0x3C,0x70,0x0E,0x3C,
   0x70,0x0E,0x76,0x70,0x1C,0x66,0x38,0x1C,0x66,0x38,0x1C,0x66,0x38,0x1C,0xE3,0x38,0x38,0xC3,0x1C,0x38,
   0xC3,0x1C,0x38,0xC3,0x1C,0xB8,0xC1,0x1D,0xF0,0x81,0x0F,0xF0,0x81,0x0F,0xF0,0x81,0x0F,0xF0,0x81,0x0F,
   0xE0,0x00,0x07,0xE0,0x00,0x07,0x00,0x00,0x00,0x00,0x00,0x00,0x00,0x00,0x00,0x00,0x00,0x00,0x00,0x00,0x00, // Code ASCII 87 UPPER CASE W
   0x00,0x00,0x00,0x00,0x00,0x00,0x38,0x00,0x07,0x70,0x80,0x03,0xE0,0xC0,0x01,0xE0,0xC0,0x01,0xC0,0xE1,
   0x00,0x80,0x73,0x00,0x80,0x73,0x00,0x00,0x3F,0x00,0x00,0x1F,0x00,0x00,0x1E,0x00,0x00,0x1E,0x00,0x00,
   0x1F,0x00,0x00,0x3F,0x00,0x80,0x73,0x00,0x80,0x73,0x00,0xC0,0xE1,0x00,0xE0,0xC0,0x01,0xE0,0xC0,0x01,
   0x70,0x80,0x03,0x38,0x00,0x07,0x00,0x00,0x00,0x00,0x00,0x00,0x00,0x00,0x00,0x00,0x00,0x00,0x00,0x00,0x00, // Code ASCII 88 UPPER CASE X
   0x00,0x00,0x00,0x00,0x00,0x00,0x78,0x00,0x0F,0x70,0x00,0x07,0xE0,0x80,0x03,0xE0,0xC1,0x03,0xC0,0xC1,
   0x01,0xC0,0xE3,0x01,0x80,0xF3,0x00,0x00,0x77,0x00,0x00,0x7F,0x00,0x00,0x3E,0x00,0x00,0x1E,0x00,0x00,
   0x1C,0x00,0x00,0x1C,0x00,0x00,0x1C,0x00,0x00,0x1C,0x00,0x00,0x1C,0x00,0x00,0x1C,0x00,0x00,0x1C,0x00,
   0x00,0x1C,0x00,0x00,0x1C,0x00,0x00,0x00,0x00,0x00,0x00,0x00,0x00,0x00,0x00,0x00,0x00,0x00,0x00,0x00,0x00, // Code ASCII 89 UPPER CASE Y
   0x00,0x00,0x00,0x00,0x00,0x00,0xF8,0xFF,0x00,0xF8,0xFF,0x00,0x00,0xE0,0x00,0x00,0x70,0x00,0x00,0x38,
   0x00,0x00,0x38,0x00,0x00,0x1C,0x00,0x00,0x1C,0x00,0x00,0x0E,0x00,0x00,0x07,0x00,0x00,0x07,0x00,0x80,
   0x03,0x00,0xC0,0x01,0x00,0xC0,0x01,0x00,0xE0,0x00,0x00,0xE0,0x00,0x00,0x70,0x00,0x00,0x38,0x00,0x00,
   0xF8,0xFF,0x00,0xF8,0xFF,0x00,0x00,0x00,0x00,0x00,0x00,0x00,0x00,0x00,0x00,0x00,0x00,0x00,0x00,0x00,0x00, // Code ASCII 90 UPPER CASE Z
   0x00,0x00,0x00,0xF8,0x03,0x00,0xF8,0x03,0x00,0x38,0x00,0x00,0x38,0x00,0x00,0x38,0x00,0x00,0x38,0x00,
   0x00,0x38,0x00,0x00,0x38,0x00,0x00,0x38,0x00,0x00,0x38,0x00,0x00,0x38,0x00,0x00,0x38,0x00,0x00,0x38,
   0x00,0x00,0x38,0x00,0x00,0x38,0x00,0x00,0x38,0x00,0x00,0x38,0x00,0x00,0x38,0x00,0x00,0x38,0x00,0x00,
   0x38,0x00,0x00,0x38,0x00,0x00,0x38,0x00,0x00,0x38,0x00,0x00,0x38,0x00,0x00,0xF8,0x03,0x00,0xF8,0x03,0x00, // Code ASCII 91 [
   0x00,0x00,0x00,0x18,0x00,0x00,0x38,0x00,0x00,0x30,0x00,0x00,0x30,0x00,0x00,0x70,0x00,0x00,0x60,0x00,
   0x00,0x60,0x00,0x00,0x60,0x00,0x00,0xC0,0x00,0x00,0xC0,0x00,0x00,0xC0,0x00,0x00,0x80,0x01,0x00,0x80,
   0x01,0x00,0x80,0x01,0x00,0x00,0x03,0x00,0x00,0x03,0x00,0x00,0x03,0x00,0x00,0x06,0x00,0x00,0x06,0x00,
   0x00,0x06,0x00,0x00,0x0E,0x00,0x00,0x0C,0x00,0x00,0x0C,0x00,0x00,0x1C,0x00,0x00,0x18,0x00,0x00,0x00,0x00, // Code ASCII 92
   0x00,0x00,0x00,0xF8,0x03,0x00,0xF8,0x03,0x00,0x80,0x03,0x00,0x80,0x03,0x00,0x80,0x03,0x00,0x80,0x03,
   0x00,0x80,0x03,0x00,0x80,0x03,0x00,0x80,0x03,0x00,0x80,0x03,0x00,0x80,0x03,0x00,0x80,0x03,0x00,0x80,
   0x03,0x00,0x80,0x03,0x00,0x80,0x03,0x00,0x80,0x03,0x00,0x80,0x03,0x00,0x80,0x03,0x00,0x80,0x03,0x00,
   0x80,0x03,0x00,0x80,0x03,0x00,0x80,0x03,0x00,0x80,0x03,0x00,0x80,0x03,0x00,0xF8,0x03,0x00,0xF8,0x03,0x00, // Code ASCII 93 ]
   0x00,0x00,0x00,0x00,0x00,0x00,0x00,0x0C,0x00,0x00,0x1E,0x00,0x00,0x1E,0x00,0x00,0x33,0x00,0x80,0x61,
   0x00,0x80,0x61,0x00,0xC0,0xC0,0x00,0xE0,0x80,0x01,0x60,0x80,0x01,0x30,0x00,0x03,0x38,0x00,0x07,0x00,
   0x00,0x00,0x00,0x00,0x00,0x00,0x00,0x00,0x00,0x00,0x00,0x00,0x00,0x00,0x00,0x00,0x00,0x00,0x00,0x00,
   0x00,0x00,0x00,0x00,0x00,0x00,0x00,0x00,0x00,0x00,0x00,0x00,0x00,0x00,0x00,0x00,0x00,0x00,0x00,0x00,0x00, // Code ASCII 94 ^
   0x00,0x00,0x00,0x00,0x00,0x00,0x00,0x00,0x00,0x00,0x00,0x00,0x00,0x00,0x00,0x00,0x00,0x00,0x00,0x00,
   0x00,0x00,0x00,0x00,0x00,0x00,0x00,0x00,0x00,0x00,0x00,0x00,0x00,0x00,0x00,0x00,0x00,0x00,0x00,0x00,
   0x00,0x00,0x00,0x00,0x00,0x00,0x00,0x00,0x00,0x00,0x00,0x00,0x00,0x00,0x00,0x00,0x00,0x00,0x00,0x00,
   0x00,0x00,0x00,0x00,0x00,0x00,0x00,0x00,0x00,0x00,0x00,0x00,0xF8,0xFF,0x03,0xF8,0xFF,0x03,0x00,0x00,0x00, // Code ASCII 95 _
   0x78,0x00,0x00,0x70,0x00,0x00,0xE0,0x00,0x00,0xC0,0x00,0x00,0xC0,0x01,0x00,0x00,0x00,0x00,0x00,0x00,
   0x00,0x00,0x00,0x00,0x00,0x00,0x00,0x00,0x00,0x00,0x00,0x00,0x00,0x00,0x00,0x00,0x00,0x00,0x00,0x00,
   0x00,0x00,0x00,0x00,0x00,0x00,0x00,0x00,0x00,0x00,0x00,0x00,0x00,0x00,0x00,0x00,0x00,0x00,0x00,0x00,
   0x00,0x00,0x00,0x00,0x00,0x00,0x00,0x00,0x00,0x00,0x00,0x00,0x00,0x00,0x00,0x00,0x00,0x00,0x00,0x00,0x00, // Code ASCII 96 '
   0x00,0x00,0x00,0x00,0x00,0x00,0x00,0x00,0x00,0x00,0x00,0x00,0x00,0x00,0x00,0x00,0x00,0x00,0x00,0x00,
   0x00,0xE0,0x07,0x00,0xF0,0x1F,0x00,0x10,0x3C,0x00,0x00,0x38,0x00,0x00,0x38,0x00,0x80,0x3F,0x00,0xE0,
   0x3F,0x00,0xF0,0x38,0x00,0x78,0x38,0x00,0x38,0x38,0x00,0x38,0x38,0x00,0x38,0x38,0x00,0x78,0x3C,0x00,
   0xF0,0x3B,0x00,0xE0,0x39,0x00,0x00,0x00,0x00,0x00,0x00,0x00,0x00,0x00,0x00,0x00,0x00,0x00,0x00,0x00,0x00, // Code ASCII 97 LOWER CASE A
   0x00,0x00,0x00,0x38,0x00,0x00,0x38,0x00,0x00,0x38,0x00,0x00,0x38,0x00,0x00,0x38,0x00,0x00,0x38,0x00,
   0x00,0x38,0x0F,0x00,0xF8,0x1F,0x00,0xF8,0x38,0x00,0x38,0x38,0x00,0x38,0x70,0x00,0x38,0x70,0x00,0x38,
   0x70,0x00,0x38,0x70,0x00,0x38,0x70,0x00,0x38,0x70,0x00,0x38,0x70,0x00,0x38,0x38,0x00,0x78,0x3C,0x00,
   0xF8,0x1F,0x00,0xB8,0x0F,0x00,0x00,0x00,0x00,0x00,0x00,0x00,0x00,0x00,0x00,0x00,0x00,0x00,0x00,0x00,0x00, // Code ASCII 98 LOWER CASE B
   0x00,0x00,0x00,0x00,0x00,0x00,0x00,0x00,0x00,0x00,0x00,0x00,0x00,0x00,0x00,0x00,0x00,0x00,0x00,0x00,
   0x00,0x80,0x0F,0x00,0xE0,0x1F,0x00,0xF0,0x18,0x00,0x70,0x10,0x00,0x38,0x00,0x00,0x38,0x00,0x00,0x38,
   0x00,0x00,0x38,0x00,0x00,0x38,0x00,0x00,0x38,0x00,0x00,0x38,0x00,0x00,0x70,0x10,0x00,0xF0,0x18,0x00,
   0xE0,0x1F,0x00,0x80,0x0F,0x00,0x00,0x00,0x00,0x00,0x00,0x00,0x00,0x00,0x00,0x00,0x00,0x00,0x00,0x00,0x00, // Code ASCII 99 LOWER CASE C
   0x00,0x00,0x00,0x00,0x70,0x00,0x00,0x70,0x00,0x00,0x70,0x00,0x00,0x70,0x00,0x00,0x70,0x00,0x00,0x70,
   0x00,0x80,0x77,0x00,0xE0,0x7F,0x00,0xF0,0x78,0x00,0x70,0x70,0x00,0x38,0x70,0x00,0x38,0x70,0x00,0x38,
   0x70,0x00,0x38,0x70,0x00,0x38,0x70,0x00,0x38,0x70,0x00,0x38,0x70,0x00,0x70,0x70,0x00,0x70,0x7C,0x00,
   0xE0,0x7F,0x00,0xC0,0x73,0x00,0x00,0x00,0x00,0x00,0x00,0x00,0x00,0x00,0x00,0x00,0x00,0x00,0x00,0x00,0x00, // Code ASCII 100 LOWER CASE D
   0x00,0x00,0x00,0x00,0x00,0x00,0x00,0x00,0x00,0x00,0x00,0x00,0x00,0x00,0x00,0x00,0x00,0x00,0x00,0x00,
   0x00,0x80,0x0F,0x00,0xE0,0x1F,0x00,0xF0,0x38,0x00,0x70,0x70,0x00,0x38,0x70,0x00,0x38,0x70,0x00,0xF8,
   0x7F,0x00,0xF8,0x7F,0x00,0x38,0x00,0x00,0x38,0x00,0x00,0x38,0x00,0x00,0x70,0x40,0x00,0xF0,0x60,0x00,
   0xE0,0x7F,0x00,0x80,0x1F,0x00,0x00,0x00,0x00,0x00,0x00,0x00,0x00,0x00,0x00,0x00,0x00,0x00,0x00,0x00,0x00, // Code ASCII 101 LOWER CASE E
   0x00,0x00,0x00,0x80,0x0F,0x00,0xC0,0x0F,0x00,0xC0,0x01,0x00,0xE0,0x00,0x00,0xE0,0x00,0x00,0xE0,0x00,
   0x00,0xF8,0x07,0x00,0xF8,0x07,0x00,0xE0,0x00,0x00,0xE0,0x00,0x00,0xE0,0x00,0x00,0xE0,0x00,0x00,0xE0,
   0x00,0x00,0xE0,0x00,0x00,0xE0,0x00,0x00,0xE0,0x00,0x00,0xE0,0x00,0x00,0xE0,0x00,0x00,0xE0,0x00,0x00,
   0xE0,0x00,0x00,0xE0,0x00,0x00,0x00,0x00,0x00,0x00,0x00,0x00,0x00,0x00,0x00,0x00,0x00,0x00,0x00,0x00,0x00, // Code ASCII 102 LOWER CASE F
   0x00,0x00,0x00,0x00,0x00,0x00,0x00,0x00,0x00,0x00,0x00,0x00,0x00,0x00,0x00,0x00,0x00,0x00,0x00,0x00,
   0x00,0x80,0x77,0x00,0xE0,0x7F,0x00,0xF0,0x78,0x00,0x70,0x70,0x00,0x38,0x70,0x00,0x38,0x70,0x00,0x38,
   0x70,0x00,0x38,0x70,0x00,0x38,0x70,0x00,0x38,0x70,0x00,0x38,0x70,0x00,0x70,0x70,0x00,0x70,0x78,0x00,
   0xE0,0x7F,0x00,0xC0,0x73,0x00,0x00,0x70,0x00,0x00,0x30,0x00,0x10,0x38,0x00,0xF0,0x1F,0x00,0xF0,0x07,0x00, // Code ASCII 103 LOWER CASE G
   0x00,0x00,0x00,0x38,0x00,0x00,0x38,0x00,0x00,0x38,0x00,0x00,0x38,0x00,0x00,0x38,0x00,0x00,0x38,0x00,
   0x00,0x38,0x0F,0x00,0xB8,0x1F,0x00,0x78,0x3C,0x00,0x38,0x38,0x00,0x38,0x38,0x00,0x38,0x38,0x00,0x38,
   0x38,0x00,0x38,0x38,0x00,0x38,0x38,0x00,0x38,0x38,0x00,0x38,0x38,0x00,0x38,0x38,0x00,0x38,0x38,0x00,
   0x38,0x38,0x00,0x38,0x38,0x00,0x00,0x00,0x00,0x00,0x00,0x00,0x00,0x00,0x00,0x00,0x00,0x00,0x00,0x00,0x00, // Code ASCII 104 LOWER CASE H
   0x00,0x00,0x00,0x00,0x00,0x00,0x00,0x07,0x00,0x00,0x07,0x00,0x00,0x07,0x00,0x00,0x00,0x00,0x00,0x00,
   0x00,0x00,0x07,0x00,0x00,0x07,0x00,0x00,0x07,0x00,0x00,0x07,0x00,0x00,0x07,0x00,0x00,0x07,0x00,0x00,
   0x07,0x00,0x00,0x07,0x00,0x00,0x07,0x00,0x00,0x07,0x00,0x00,0x07,0x00,0x00,0x07,0x00,0x00,0x07,0x00,
   0x00,0x07,0x00,0x00,0x07,0x00,0x00,0x00,0x00,0x00,0x00,0x00,0x00,0x00,0x00,0x00,0x00,0x00,0x00,0x00,0x00, // Code ASCII 105 LOWER CASE I
   0x00,0x00,0x00,0x00,0x00,0x00,0x00,0x07,0x00,0x00,0x07,0x00,0x00,0x07,0x00,0x00,0x00,0x00,0x00,0x00,
   0x00,0xC0,0x07,0x00,0xC0,0x07,0x00,0x00,0x07,0x00,0x00,0x07,0x00,0x00,0x07,0x00,0x00,0x07,0x00,0x00,
   0x07,0x00,0x00,0x07,0x00,0x00,0x07,0x00,0x00,0x07,0x00,0x00,0x07,0x00,0x00,0x07,0x00,0x00,0x07,0x00,
   0x00,0x07,0x00,0x00,0x07,0x00,0x00,0x07,0x00,0x00,0x07,0x00,0x80,0x07,0x00,0xE0,0x03,0x00,0xE0,0x00,0x00, // Code ASCII 106 LOWER CASE J
   0x00,0x00,0x00,0x38,0x00,0x00,0x38,0x00,0x00,0x38,0x00,0x00,0x38,0x00,0x00,0x38,0x00,0x00,0x38,0x00,
   0x00,0x38,0x3C,0x00,0x38,0x1E,0x00,0x38,0x0E,0x00,0x38,0x07,0x00,0xB8,0x03,0x00,0xF8,0x01,0x00,0xF8,
   0x01,0x00,0xF8,0x03,0x00,0xB8,0x03,0x00,0x38,0x07,0x00,0x38,0x0F,0x00,0x38,0x0E,0x00,0x38,0x1C,0x00,
   0x38,0x3C,0x00,0x38,0x78,0x00,0x00,0x00,0x00,0x00,0x00,0x00,0x00,0x00,0x00,0x00,0x00,0x00,0x00,0x00,0x00, // Code ASCII 107 LOWER CASE K
   0x00,0x00,0x00,0x00,0x1C,0x00,0x00,0x1C,0x00,0x00,0x1C,0x00,0x00,0x1C,0x00,0x00,0x1C,0x00,0x00,0x1C,
   0x00,0x00,0x1C,0x00,0x00,0x1C,0x00,0x00,0x1C,0x00,0x00,0x1C,0x00,0x00,0x1C,0x00,0x00,0x1C,0x00,0x00,
   0x1C,0x00,0x00,0x1C,0x00,0x00,0x1C,0x00,0x00,0x1C,0x00,0x00,0x1C,0x00,0x00,0x1C,0x00,0x00,0x1C,0x00,
   0x00,0x1C,0x00,0x00,0x1C,0x00,0x00,0x00,0x00,0x00,0x00,0x00,0x00,0x00,0x00,0x00,0x00,0x00,0x00,0x00,0x00, // Code ASCII 108 LOWER CASE L
   0x00,0x00,0x00,0x00,0x00,0x00,0x00,0x00,0x00,0x00,0x00,0x00,0x00,0x00,0x00,0x00,0x00,0x00,0x00,0x00,
   0x00,0xCE,0xC3,0x03,0xEE,0xE7,0x07,0x3E,0x3F,0x0F,0x1E,0x1E,0x0E,0x0E,0x0E,0x0E,0x0E,0x0E,0x0E,0x0E,
   0x0E,0x0E,0x0E,0x0E,0x0E,0x0E,0x0E,0x0E,0x0E,0x0E,0x0E,0x0E,0x0E,0x0E,0x0E,0x0E,0x0E,0x0E,0x0E,0x0E,
   0x0E,0x0E,0x0E,0x0E,0x0E,0x0E,0x00,0x00,0x00,0x00,0x00,0x00,0x00,0x00,0x00,0x00,0x00,0x00,0x00,0x00,0x00, // Code ASCII 109 LOWER CASE M
   0x00,0x00,0x00,0x00,0x00,0x00,0x00,0x00,0x00,0x00,0x00,0x00,0x00,0x00,0x00,0x00,0x00,0x00,0x00,0x00,
   0x00,0x38,0x0F,0x00,0xB8,0x1F,0x00,0x78,0x3C,0x00,0x38,0x38,0x00,0x38,0x38,0x00,0x38,0x38,0x00,0x38,
   0x38,0x00,0x38,0x38,0x00,0x38,0x38,0x00,0x38,0x38,0x00,0x38,0x38,0x00,0x38,0x38,0x00,0x38,0x38,0x00,
   0x38,0x38,0x00,0x38,0x38,0x00,0x00,0x00,0x00,0x00,0x00,0x00,0x00,0x00,0x00,0x00,0x00,0x00,0x00,0x00,0x00, // Code ASCII 110  LOWER CASE N
   0x00,0x00,0x00,0x00,0x00,0x00,0x00,0x00,0x00,0x00,0x00,0x00,0x00,0x00,0x00,0x00,0x00,0x00,0x00,0x00,
   0x00,0x80,0x0F,0x00,0xE0,0x3F,0x00,0xF0,0x78,0x00,0x70,0x70,0x00,0x38,0xE0,0x00,0x38,0xE0,0x00,0x38,
   0xE0,0x00,0x38,0xE0,0x00,0x38,0xE0,0x00,0x38,0xE0,0x00,0x38,0xE0,0x00,0x70,0x70,0x00,0xF0,0x78,0x00,
   0xE0,0x3F,0x00,0x80,0x0F,0x00,0x00,0x00,0x00,0x00,0x00,0x00,0x00,0x00,0x00,0x00,0x00,0x00,0x00,0x00,0x00, // Code ASCII 111 LOWER CASE O
   0x00,0x00,0x00,0x00,0x00,0x00,0x00,0x00,0x00,0x00,0x00,0x00,0x00,0x00,0x00,0x00,0x00,0x00,0x00,0x00,
   0x00,0x38,0x0F,0x00,0xF8,0x1F,0x00,0x78,0x38,0x00,0x38,0x38,0x00,0x38,0x70,0x00,0x38,0x70,0x00,0x38,
   0x70,0x00,0x38,0x70,0x00,0x38,0x70,0x00,0x38,0x70,0x00,0x38,0x70,0x00,0x38,0x38,0x00,0x78,0x3C,0x00,
   0xF8,0x1F,0x00,0xB8,0x0F,0x00,0x38,0x00,0x00,0x38,0x00,0x00,0x38,0x00,0x00,0x38,0x00,0x00,0x38,0x00,0x00, // Code ASCII 112 LOWER CASE P
   0x00,0x00,0x00,0x00,0x00,0x00,0x00,0x00,0x00,0x00,0x00,0x00,0x00,0x00,0x00,0x00,0x00,0x00,0x00,0x00,
   0x00,0x80,0x77,0x00,0xE0,0x7F,0x00,0xF0,0x78,0x00,0x70,0x70,0x00,0x38,0x70,0x00,0x38,0x70,0x00,0x38,
   0x70,0x00,0x38,0x70,0x00,0x38,0x70,0x00,0x38,0x70,0x00,0x38,0x70,0x00,0x70,0x70,0x00,0x70,0x78,0x00,
   0xE0,0x7F,0x00,0xC0,0x73,0x00,0x00,0x70,0x00,0x00,0x70,0x00,0x00,0x70,0x00,0x00,0x70,0x00,0x00,0x70,0x00, // Code ASCII 113 LOWER CASE Q
   0x00,0x00,0x00,0x00,0x00,0x00,0x00,0x00,0x00,0x00,0x00,0x00,0x00,0x00,0x00,0x00,0x00,0x00,0x00,0x00,
   0x00,0x38,0x07,0x00,0xB8,0x07,0x00,0xF8,0x07,0x00,0xF8,0x00,0x00,0x38,0x00,0x00,0x38,0x00,0x00,0x38,
   0x00,0x00,0x38,0x00,0x00,0x38,0x00,0x00,0x38,0x00,0x00,0x38,0x00,0x00,0x38,0x00,0x00,0x38,0x00,0x00,
   0x38,0x00,0x00,0x38,0x00,0x00,0x00,0x00,0x00,0x00,0x00,0x00,0x00,0x00,0x00,0x00,0x00,0x00,0x00,0x00,0x00, // Code ASCII 114 LOWER CASE R
   0x00,0x00,0x00,0x00,0x00,0x00,0x00,0x00,0x00,0x00,0x00,0x00,0x00,0x00,0x00,0x00,0x00,0x00,0x00,0x00,
   0x00,0xE0,0x07,0x00,0xF0,0x0F,0x00,0x78,0x0C,0x00,0x38,0x08,0x00,0x38,0x00,0x00,0x38,0x00,0x00,0xF8,
   0x01,0x00,0xF0,0x0F,0x00,0xC0,0x1F,0x00,0x00,0x1E,0x00,0x00,0x1C,0x00,0x08,0x1C,0x00,0x18,0x1E,0x00,
   0xF8,0x0F,0x00,0xE0,0x03,0x00,0x00,0x00,0x00,0x00,0x00,0x00,0x00,0x00,0x00,0x00,0x00,0x00,0x00,0x00,0x00, // Code ASCII 115 LOWER CASE S
   0x00,0x00,0x00,0x00,0x00,0x00,0x00,0x00,0x00,0xE0,0x00,0x00,0xE0,0x00,0x00,0xE0,0x00,0x00,0xE0,0x00,
   0x00,0xF8,0x0F,0x00,0xF8,0x0F,0x00,0xE0,0x00,0x00,0xE0,0x00,0x00,0xE0,0x00,0x00,0xE0,0x00,0x00,0xE0,
   0x00,0x00,0xE0,0x00,0x00,0xE0,0x00,0x00,0xE0,0x00,0x00,0xE0,0x00,0x00,0xE0,0x00,0x00,0xE0,0x01,0x00,
   0xC0,0x0F,0x00,0x80,0x0F,0x00,0x00,0x00,0x00,0x00,0x00,0x00,0x00,0x00,0x00,0x00,0x00,0x00,0x00,0x00,0x00, // Code ASCII 116 LOWER CASE T
   0x00,0x00,0x00,0x00,0x00,0x00,0x00,0x00,0x00,0x00,0x00,0x00,0x00,0x00,0x00,0x00,0x00,0x00,0x00,0x00,
   0x00,0x38,0x38,0x00,0x38,0x38,0x00,0x38,0x38,0x00,0x38,0x38,0x00,0x38,0x38,0x00,0x38,0x38,0x00,0x38,
   0x38,0x00,0x38,0x38,0x00,0x38,0x38,0x00,0x38,0x38,0x00,0x38,0x38,0x00,0x38,0x3C,0x00,0x78,0x3E,0x00,
   0xF0,0x3B,0x00,0xE0,0x39,0x00,0x00,0x00,0x00,0x00,0x00,0x00,0x00,0x00,0x00,0x00,0x00,0x00,0x00,0x00,0x00, // Code ASCII 117 LOWER CASE U
   0x00,0x00,0x00,0x00,0x00,0x00,0x00,0x00,0x00,0x00,0x00,0x00,0x00,0x00,0x00,0x00,0x00,0x00,0x00,0x00,
   0x00,0x38,0xE0,0x00,0x70,0x70,0x00,0x70,0x70,0x00,0x70,0x70,0x00,0xE0,0x38,0x00,0xE0,0x38,0x00,0xE0,
   0x38,0x00,0xC0,0x1D,0x00,0xC0,0x1D,0x00,0xC0,0x1D,0x00,0x80,0x0F,0x00,0x80,0x0F,0x00,0x80,0x07,0x00,
   0x00,0x07,0x00,0x00,0x07,0x00,0x00,0x00,0x00,0x00,0x00,0x00,0x00,0x00,0x00,0x00,0x00,0x00,0x00,0x00,0x00, // Code ASCII 118 LOWER CASE V
   0x00,0x00,0x00,0x00,0x00,0x00,0x00,0x00,0x00,0x00,0x00,0x00,0x00,0x00,0x00,0x00,0x00,0x00,0x00,0x00,
   0x00,0x0E,0x0C,0x1C,0x0E,0x1C,0x1C,0x1C,0x1E,0x0E,0x1C,0x1E,0x0E,0x1C,0x3E,0x0E,0x1C,0x33,0x0E,0x18,
   0x33,0x06,0x38,0x73,0x06,0xB8,0x61,0x07,0xB8,0x61,0x07,0xB0,0xE1,0x03,0xF0,0xC0,0x03,0xF0,0xC0,0x03,
   0xE0,0xC0,0x03,0x60,0x80,0x01,0x00,0x00,0x00,0x00,0x00,0x00,0x00,0x00,0x00,0x00,0x00,0x00,0x00,0x00,0x00, // Code ASCII 119 LOWER CASE W
   0x00,0x00,0x00,0x00,0x00,0x00,0x00,0x00,0x00,0x00,0x00,0x00,0x00,0x00,0x00,0x00,0x00,0x00,0x00,0x00,
   0x00,0x38,0xE0,0x00,0x70,0x70,0x00,0xE0,0x38,0x00,0xE0,0x38,0x00,0xC0,0x1D,0x00,0x80,0x0F,0x00,0x80,
   0x0F,0x00,0x00,0x07,0x00,0x80,0x0F,0x00,0x80,0x0F,0x00,0xC0,0x1D,0x00,0xE0,0x38,0x00,0xE0,0x38,0x00,
   0x70,0x70,0x00,0x38,0xE0,0x00,0x00,0x00,0x00,0x00,0x00,0x00,0x00,0x00,0x00,0x00,0x00,0x00,0x00,0x00,0x00, // Code ASCII 120 LOWER CASE X
   0x00,0x00,0x00,0x00,0x00,0x00,0x00,0x00,0x00,0x00,0x00,0x00,0x00,0x00,0x00,0x00,0x00,0x00,0x00,0x00,
   0x00,0x38,0xE0,0x00,0x70,0x70,0x00,0x70,0x70,0x00,0x70,0x70,0x00,0xE0,0x38,0x00,0xE0,0x38,0x00,0xE0,
   0x1D,0x00,0xC0,0x1D,0x00,0xC0,0x1D,0x00,0x80,0x0F,0x00,0x80,0x0F,0x00,0x80,0x0F,0x00,0x00,0x07,0x00,
   0x00,0x07,0x00,0x80,0x03,0x00,0x80,0x03,0x00,0xC0,0x03,0x00,0xC0,0x01,0x00,0xC0,0x01,0x00,0xE0,0x00,0x00, // Code ASCII 121 LOWER CASE Y
   0x00,0x00,0x00,0x00,0x00,0x00,0x00,0x00,0x00,0x00,0x00,0x00,0x00,0x00,0x00,0x00,0x00,0x00,0x00,0x00,
   0x00,0xF8,0x1F,0x00,0xF8,0x1F,0x00,0x00,0x1C,0x00,0x00,0x0E,0x00,0x00,0x07,0x00,0x00,0x07,0x00,0x80,
   0x03,0x00,0xC0,0x03,0x00,0xC0,0x01,0x00,0xE0,0x00,0x00,0xE0,0x00,0x00,0x70,0x00,0x00,0x38,0x00,0x00,
   0xF8,0x1F,0x00,0xF8,0x1F,0x00,0x00,0x00,0x00,0x00,0x00,0x00,0x00,0x00,0x00,0x00,0x00,0x00,0x00,0x00,0x00, // Code ASCII 122 LOWER CASE Z
   0x00,0x00,0x00,0x00,0x3C,0x00,0x00,0x3F,0x00,0x00,0x07,0x00,0x80,0x03,0x00,0x80,0x03,0x00,0x80,0x03,
   0x00,0x80,0x03,0x00,0x80,0x03,0x00,0x80,0x03,0x00,0x80,0x03,0x00,0xC0,0x01,0x00,0xE0,0x00,0x00,0x78,
   0x00,0x00,0x78,0x00,0x00,0xE0,0x00,0x00,0xC0,0x01,0x00,0x80,0x03,0x00,0x80,0x03,0x00,0x80,0x03,0x00,
   0x80,0x03,0x00,0x80,0x03,0x00,0x80,0x03,0x00,0x80,0x03,0x00,0x00,0x07,0x00,0x00,0x3F,0x00,0x00,0x3C,0x00, // Code ASCII 123 {
   0x00,0x00,0x00,0x70,0x00,0x00,0x70,0x00,0x00,0x70,0x00,0x00,0x70,0x00,0x00,0x70,0x00,0x00,0x70,0x00,
   0x00,0x70,0x00,0x00,0x70,0x00,0x00,0x70,0x00,0x00,0x70,0x00,0x00,0x70,0x00,0x00,0x70,0x00,0x00,0x70,
   0x00,0x00,0x70,0x00,0x00,0x70,0x00,0x00,0x70,0x00,0x00,0x70,0x00,0x00,0x70,0x00,0x00,0x70,0x00,0x00,
   0x70,0x00,0x00,0x70,0x00,0x00,0x70,0x00,0x00,0x70,0x00,0x00,0x70,0x00,0x00,0x70,0x00,0x00,0x70,0x00,0x00, // Code ASCII 124 |
   0x00,0x00,0x00,0x78,0x00,0x00,0xF8,0x01,0x00,0xC0,0x01,0x00,0x80,0x03,0x00,0x80,0x03,0x00,0x80,0x03,
   0x00,0x80,0x03,0x00,0x80,0x03,0x00,0x80,0x03,0x00,0x80,0x03,0x00,0x00,0x07,0x00,0x00,0x0E,0x00,0x00,
   0x3C,0x00,0x00,0x3C,0x00,0x00,0x0E,0x00,0x00,0x07,0x00,0x80,0x03,0x00,0x80,0x03,0x00,0x80,0x03,0x00,
   0x80,0x03,0x00,0x80,0x03,0x00,0x80,0x03,0x00,0x80,0x03,0x00,0xC0,0x01,0x00,0xF8,0x01,0x00,0x78,0x00,0x00, // Code ASCII 125 }
   0x00,0x00,0x00,0x00,0x00,0x00,0x00,0x00,0x00,0x00,0x00,0x00,0x00,0x00,0x00,0x00,0x00,0x00,0x00,0x00,
   0x00,0x00,0x00,0x00,0x00,0x00,0x00,0x00,0x00,0x00,0xC0,0x03,0x06,0xF0,0x07,0x06,0x30,0x0E,0x06,0x38,
   0x0C,0x03,0x18,0x1C,0x03,0x18,0xF8,0x01,0x18,0xF0,0x00,0x00,0x00,0x00,0x00,0x00,0x00,0x00,0x00,0x00,
   0x00,0x00,0x00,0x00,0x00,0x00,0x00,0x00,0x00,0x00,0x00,0x00,0x00,0x00,0x00,0x00,0x00,0x00,0x00,0x00,0x00, // Code ASCII 126 ~
   0x00,0x00,0x00,0x00,0x00,0x00,0x00,0x00,0x00,0x00,0x00,0x00,0x00,0x00,0x00,0x00,0x00,0x00,0x00,0x00,
   0x00,0x00,0x00,0x00,0x00,0x00,0x00,0x00,0x00,0x00,0xC0,0x03,0x06,0xF0,0x07,0x06,0x30,0x0E,0x06,0x38,
   0x0C,0x03,0x18,0x1C,0x03,0x18,0xF8,0x01,0x18,0xF0,0x00,0x00,0x00,0x00,0x00,0x00,0x00,0x00,0x00,0x00,
   0x00,0x00,0x00,0x00,0x00,0x00,0x00,0x00,0x00,0x00,0x00,0x00,0x00,0x00,0x00,0x00,0x00,0x00,0x00,0x00,0x00 // Code ASCII 126 ~
  };

const uint8_t letter_font_start = 0;
const uint8_t letter_font_length_bytes = 81;
const uint8_t letter_font_width = 24;      // full bytes of pixels   8,16,24,32,40 etc
const uint8_t letter_font_height = 27;
const uint8_t Letter_Font_Spacing = 2;

  
const uint8_t* FontPtr[95];

void Init_Font_System(void){

    uint16_t  i;

    // Build pointer table
    for (i = 0; i < 95; i++)
    {
        FontPtr[i] = &Letter_Font[i * letter_font_length_bytes];
    }
}


#define black_Out         Write_Data_EpsonS1D13517(0b0000000000000000)
#define red_Out           Write_Data_EpsonS1D13517(0b1111100000000000)
#define orange_Out        Write_Data_EpsonS1D13517(0b1111110011100001)
#define yellow_Out        Write_Data_EpsonS1D13517(0b1111111111100000)
#define green_Out         Write_Data_EpsonS1D13517(0b0000011111100000)
#define blue_Out          Write_Data_EpsonS1D13517(0b0000000000010111)
#define violet_Out        Write_Data_EpsonS1D13517(0b1000100100011111)
#define olive_Out         Write_Data_EpsonS1D13517(0b1000010010100011)
#define white_Out         Write_Data_EpsonS1D13517(0b1111111111111111)
#define magenta_Out       Write_Data_EpsonS1D13517(0b1111100000011111)
#define lime_Out          Write_Data_EpsonS1D13517(0b1010111100100000)
#define babypowder_Out   Write_Data_EpsonS1D13517(0b1110111010001111)
#define cyan_Out          Write_Data_EpsonS1D13517(0b0000011111111111)
#define lavenderblush_Out Write_Data_EpsonS1D13517(0b1111101111000111)
#define beige_Out         Write_Data_EpsonS1D13517(0b1111010011000111)


  const uint8_t black = 1;
  const uint8_t red = 2;
  const uint8_t orange = 3;
  const uint8_t yellow = 4;
  const uint8_t green = 5;
  const uint8_t blue = 6;
  const uint8_t violet = 7;
  const uint8_t olive = 8;
  const uint8_t white = 9;
  const uint8_t magenta = 10;
  const uint8_t lime = 11;
  const uint8_t baby_Powder = 12;
  const uint8_t cyan = 13;
  const uint8_t lavenderblush = 14;
  const uint8_t beige = 15;

 //sbit TFT_RD  at LATC4_bit;
  //sbit TFT_WR  at LATC3_bit;
  //sbit TFT_RST_Direction at TRISD0_bit;   //RESET  Active low input

  #define  SD_Card_Chip_Select  LATA9_bit
  #define  Epson_CS LATG15_bit              //WIRED TO LATD9 BUT THAT IS AN ADDRESS LINE SO BRIDGED TO LATG15 //EPSON CHIP SELECT (WITH PULL-UP) NOT FITTED RESISTOR YET
  #define  Epson_HDC    LATG12_bit          //THE HD/C# INPUT PIN IS USED TO DISTINGUISH BETWEEN ADDRESS AND DATA LINKED ON PCB FROM PIC PIN 140 TO HD/C PIN
  #define  PMP_WRITE    LATC3_bit           //PMWR  WRITE  EBIWE/AN20/RPC3/PMWR/RC3 PIN 12
  #define  PMP_READ     LATC4_bit           //PMRD  READ   EBIOE/AN19/RPC4/PMRD/RC4 PIN 13


void Write_Command_EpsonS1D13517(uint8_t Command) {
  Epson_HDC = 0;                              //RS = 0 NOT DATA  D/C = 0    SET RS LINE LOW FOR COMMAND ON EPSON CHIP
  PMDIN = Command;
  while(PMMODE & 0x8000); //Busy bit
}

void Write_Data_EpsonS1D13517(uint16_t _data) {
  Epson_HDC = 1;                               //RS = 1 = DATA   D/C = 1    SET RS LINE HIGH FOR DATA  ON EPSON CHIP
  PMDIN = _data;
  while(PMMODE & 0x8000);                      //Busy bit
}

//==============================================================

void Init_16Bit_PMP() {     // zero wait time is 8 ns strobe @224MHz   1=18.5ns  2=28ns

  PMAEN  = 0;               //  5=55ns @224MHz and sram corrupt   3=36.5 to 37ns =2.240 MHz   4 = 46ns
  PMMODE = 0;
 // PMCONBits.DUALBUF = 1;  //DUAL BUFFER FOR IN AND OUT  NOT AVAILABLE ON ECM
  PMMODEbits.MODE = 2;      //Master 2     Slave =1
  PMMODEbits.WAITB = 0;     //WAITB<1:0>: Data Setup before a Read/Write Strobe Wait States bits(1) 11 = Data wait of 4 TPB; multiplexed address phase of 4 TPB  10 = Data wait of 3 TPB; multiplexed address phase of 3 TPB 01 = Data wait of 2 TPB; multiplexed address phase of 2 TPB 00 = Data wait of 1 TPB; multiplexed address phase of 1 TPB (default)
  PMMODEbits.WAITM = 1;     //1111 = Wait of 16 TPB --0001 = Wait of 2 TPB-- 0000 = Wait of 1 TPB (default)STROBE PULSE WIDTH
  PMMODEbits.WAITE = 0;     //bit 1-0WAITE<1:0>: Data Hold After Read/Write Strobe Wait States bits(1)

  PMMODEbits.MODE16 = 1;    // 1 = 16-bit mode: a read or write to the data register invokes a single 16-bit transfer   For read operations  11 = Wait of 3 TPB  00 = Wait of 0 TPB (default)
  PMCONbits.CSF = 0;        //Chip Select Bit
  PMCONbits.PTRDEN = 1;     //READ STROBE
  PMCONbits.PTWREN = 1;     //WRITE STROBE
  PMCONbits.PMPEN = 1;      //PMP ENABLE
  PMCONbits.ON = 1;
}

//==============================================================

void Init_MCU() {

   ANSELA = 0;
   ANSELB = 0;
   ANSELC = 0;
   ANSELD = 0;
   ANSELE = 0;
   ANSELF = 0;
   ANSELG = 0;
   ANSELH = 0;
   ANSELJ = 0;

   TRISA = 0;
   TRISB = 0;
   TRISC = 0;
   TRISD = 0;
   TRISE = 0;
   TRISF = 0;
   TRISG = 0;
   TRISH = 0;
   TRISJ = 0;
   TRISK = 0;

   TRISD14_Bit = 1;
   SDI3R  = 0b1011; // = RPD14      PAGE 251     RD14 = SDI3    SPI3
   RPB10R = 0b0111; // = SDO3       PAGE 254     RB10 = SD03    SPI3

   PORTA=0;PORTB=0;PORTC=0;PORTD=0;PORTE=0;PORTF=0;PORTG=0; PORTH=0; PORTJ=0;  PORTK=0;
   
   TRISBbits.TRISB8 = 1;  //SD CARD Detect  Epson board
   LATB8_bit = 0;

   //TRISA14_Bit = 1;
   //INT3R = 0b1101; // = RPA14   Clock In Pin RA14

   JTAGEN_bit = 0;

   LATC13_Bit = 1;  //RC13 = LCD DISPLAY RESET //NOT CONNECTED
   LATH15_bit = 1;  //PIN31 LCD DISPLAY (DISP)  DISPLAY ENABLE
   LATD0_bit = 1;   //EPSON CHIP RESET (WITH PULL-UP) NOT FITTED RESISTOR YET
   LATG15_bit = 1;   //EPSON CHIP SELECT (WITH PULL-UP) RESISTOR NOT FITTED YET
}

//==============================================================

void Initialise_EpsonS1D13517_5_Inch(){

    Epson_CS = 0;

    Write_Command_EpsonS1D13517(0x2A);
    Write_Data_EpsonS1D13517(0);         //Display Off

    /////////////////////////////////////////PAGE 129 FOR EXAMPLES //////////////////////////////////////////////////////////

    Write_Command_EpsonS1D13517(0x04);
    Write_Data_EpsonS1D13517(0x17);      //PLLCLK = 1MHz (=24MHz/24=CLKI/PLL_D)         (REG[04h] bit 7 = PLL ENABLE   PAGE 49
    Write_Command_EpsonS1D13517(0x06);
    Write_Data_EpsonS1D13517(0x51);      //VCO = 142-180MHz
    Write_Command_EpsonS1D13517(0x08);   //PLL Divide Select REG 8
    Write_Data_EpsonS1D13517(0x01);      //PLLCLK is divided by 2
    Write_Command_EpsonS1D13517(0x0C);   //PLL N Divider
    Write_Data_EpsonS1D13517(0x59);      //Target Frequency = 90MHz; NN = 180; CLKI = 24MHz; PLL_D = 24:1
    Write_Command_EpsonS1D13517(0x12);   //Clock Source Select Register
    Write_Data_EpsonS1D13517(0x01);
    Write_Command_EpsonS1D13517(0x04);   //Enable PLL
    Write_Data_EpsonS1D13517(0x97);      //was 9D bit 7 enables the ppl
    Write_Command_EpsonS1D13517(0x0E);   //Spread Spectrum modulation enabled with default spread of +/-0.25ns
    Write_Data_EpsonS1D13517(0x3F);

    Delay_ms(1);

    Write_Command_EpsonS1D13517(0x12);
    Write_Data_EpsonS1D13517(0x81);     //was 81h 0x92 = 36 MHz 0x81 = 24MHz   82 = 30 mhz and 90 mhz on ram  81 = 30 mhz pixel clock

    //////////////PANEL SETTINGS BELOW ///// REGISTERS AUTO-INCREMENT ///////////// MODE REGISTERS ON PAGE 52 /////////////////////////////////////////////////////////

    Write_Command_EpsonS1D13517(0x14);   //LCD Panel Type Register
    Write_Data_EpsonS1D13517(4);         //INPUT IMAGE FORMAT PAGE 61
    Write_Command_EpsonS1D13517(0x16);   //Horizontal Display Width Register (HDISP) PAGE 44
    Write_Data_EpsonS1D13517(0x63);      //800 + 1 PIXELS WIDE DIVIDE BY 8 = 100  = 100  HEX=64
    Write_Command_EpsonS1D13517(0x18);   //Horizontal Non-Display Period Register (HNDP)
    Write_Data_EpsonS1D13517(0x7F);      //WAS 0X26 FAST 65 HZ 7F = 55.5 HZ
    Write_Command_EpsonS1D13517(0x1A);   //Vertical Display Height Register 0 (VDISP)
    Write_Data_EpsonS1D13517(0xDF);      //LOW BYTE OF DISPLAY HEIGHT
    Write_Command_EpsonS1D13517(0x1C);
    Write_Data_EpsonS1D13517(0x01);      //HIGH BYTE OF DISPLAY HEIGHT  1DF = 479
    Write_Command_EpsonS1D13517(0x1E);   //Vertical Non-Display Period Register (VNDP)   PAGE 62
    Write_Data_EpsonS1D13517(0x25);      //DECIMAL 15 GAVE 65 HZ   hex16 54 hz but 2ms pulse width 0X25 = 51 HZ AND NEARLY 3ms vertical pulse width
    Write_Command_EpsonS1D13517(0x20);   //PHS Pulse Width Register (HSW)
    Write_Data_EpsonS1D13517(0x27);      //was 0x0f fast 65 hz 0x27 = same
    Write_Command_EpsonS1D13517(0x22);   //PHS Pulse Start Position Register (HPS)
    Write_Data_EpsonS1D13517(0x78);      //was 0x10 fast 65 hz  0x78 = same 54 hz
    Write_Command_EpsonS1D13517(0x24);   //PVS Pulse Width Register (VSW)
    Write_Data_EpsonS1D13517(0x0A);      // 5 = 1ms   0X0A = STILL 2ms
    Write_Command_EpsonS1D13517(0x26);   //PVS Pulse Start Position Register (VPS)     PAGE 64
    Write_Data_EpsonS1D13517(10);        //was 4 LINES
    Write_Command_EpsonS1D13517(0x28);   //PCLK Polarity Register
    Write_Data_EpsonS1D13517(0x80);      //PCLK Falling edgeSDCLK

    //////////////SDRAM SETTINGS BELOW //////////////////////////////

    Write_Command_EpsonS1D13517(0x82);
    Write_Data_EpsonS1D13517(0x03);       //SDRAM memory size = 128MBits page 84
    Write_Command_EpsonS1D13517(0x8C);
    Write_Data_EpsonS1D13517(0xFF);       //SDRAM Refresh Rate
    Write_Command_EpsonS1D13517(0x8E);
    Write_Data_EpsonS1D13517(0x03);       //SDRAM Refresh Counter
    Write_Command_EpsonS1D13517(0x90);    //REG[90h] SDRAM Write Buffer Memory Size Register 0 PAGE 86  & 87
    Write_Data_EpsonS1D13517(71);         //VGA 1M BYTE 40h --  71 * 16384 = 1,163,264 BYTES PER BUFFER    11 C000h 800x480 = 384'000 times 3 = 1,152,000 BYTES PER PIXEL
                                                                    //16k = 2^14
    Write_Command_EpsonS1D13517(0x84);
    Write_Data_EpsonS1D13517(0x82);       //SDRAM refresh page 84

    Write_Command_EpsonS1D13517(0x68);    //?? Software ResetREG[68h] = E8h => 00hPLL
    Write_Data_EpsonS1D13517(0xE8);

    Write_Command_EpsonS1D13517(0x68);
    Write_Data_EpsonS1D13517(0x01);       //Enable SDCLK page 51  When REG[68h] bit 0 = 1b, SDCLK is enabled and all internal clocks may be also enabled.

    /////////////////NORMAL OPERATION HERE ???????????????????

   /*Write_Command_EpsonS1D13517(0x54);   //IF ALL SET TO 255 / 0xFF IT WILL MAKE WHITE TRANSPARENT
    Write_Data_EpsonS1D13517(255);       //Transparency Key Color red Register
    Write_Command_EpsonS1D13517(0x56);
    Write_Data_EpsonS1D13517(255);       //Transparency Key Color green Register PAGE 74   WHITE
    Write_Command_EpsonS1D13517(0x58);
    Write_Data_EpsonS1D13517(255);       //Transparency Key Color blue Register PAGE 75    WHITE*/


  /*Write_Command_EpsonS1D13517(0x54);
    Write_Data_EpsonS1D13517(200);       //red Transparency black
    Write_Command_EpsonS1D13517(0x56);
    Write_Data_EpsonS1D13517(50);       //green Transparency black
    Write_Command_EpsonS1D13517(0x58);
    Write_Data_EpsonS1D13517(40);       //blue Transparency black*/

    Write_Command_EpsonS1D13517(0xB2);     //REG[B2h] Interrupt Control Register   page 92
    Write_Data_EpsonS1D13517(0b00010000);  //INTERRUPTS   alpha blend
    Write_Command_EpsonS1D13517(0xB6);
    Write_Data_EpsonS1D13517(0x00);      //INTERRUPTS        REG[6AH] NON-DISPLAY PERIOD CONTROL / STATUS REGISTER PAGE 79

  /*////PIP 1 ADDRESS
    Write_Command_EpsonS1D13517(0x2C);   //page 66
    Write_Data_EpsonS1D13517(0x00);
    Write_Command_EpsonS1D13517(0x2E);    //page 66
    Write_Data_EpsonS1D13517(0x00);
    Write_Command_EpsonS1D13517(0x30);    //page 66
    Write_Data_EpsonS1D13517(0x28);       //140000  BUFFER 2

    ///PIP 2 ADDRESS
    Write_Command_EpsonS1D13517(0x3E);   //page 66
    Write_Data_EpsonS1D13517(0x00);
    Write_Command_EpsonS1D13517(0x40);    //page 66
    Write_Data_EpsonS1D13517(0x00);
    Write_Command_EpsonS1D13517(0x42);    //page 66
    Write_Data_EpsonS1D13517(0x50);       //280000 BUFFER 3 00280000*/


    Write_Command_EpsonS1D13517(0x6A);    //REG[6Ah] Non-Display Period Control / Status Register PAGE 79
    Write_Data_EpsonS1D13517(0b00000011);  // 11b==INT     01b==Vertical Non-Display Period     00b==Horizontal Non-Display Period   10b==HDP OR’d with VDP

    Epson_CS = 1;
    Delay_ms(100); // <<< it does need this delay but not sure how long, MORE THAN ZERO
    //REG[6AH] NON-DISPLAY PERIOD CONTROL / STATUS REGISTER PAGE 79
}

//==============================================================


uint16_t background_Colour;
void Clear_Screen_S1D13517(uint16_t colour){

    uint8_t display_enable_bit = 0b0001;                                       //works with register 2A
    uint8_t write_Bit          = 0b0000;                                       //works with register Hex 52
    uint8_t sdram_Location_Number = 0;                                         //sdram_Location_Number = zero to 15
    uint32_t i;
    const uint16_t Number_Of_Pixels = 384000;
    background_Colour = colour;

    Epson_CS = 0;
    Write_Command_EpsonS1D13517(0x52);                                         //page 73 Input Mode Register  BITS 7,6,5,4 ARE INPUT BUFFER NUMBERS 1 TO 16
    Write_Data_EpsonS1D13517(sdram_Location_Number<<4 | write_Bit);            //BIT ZERO HERE MEANS THE MEMORY LOCATION (TOP 4 BITS) IS BEING "WRITTEN TO" Buffer 0  WORKS FOR MAIN WINDOW ONLY

    //REGISTERS AUTO-INCREMENT !
    Write_Command_EpsonS1D13517(0x5A);    //set window
    Write_Data_EpsonS1D13517(0);          //REG[5Ah] = 00h: Xstart = 0001
    Write_Data_EpsonS1D13517(0);          //REG[5Ch] = 00h, REG[5Eh] = 00h: Ystart = 0001
    Write_Data_EpsonS1D13517(0);          //REG[5Eh] = 00h: Ystart = 0001
    Write_Data_EpsonS1D13517(0xC6);       //REG[60h] = C6h: Xend = 800
    Write_Data_EpsonS1D13517(0x77);       //REG[62h] = 77h, REG[64h] = 03h: Yend = 480
    Write_Data_EpsonS1D13517(0x03);       //REG[64h] = 03h: Yend = 480

    switch(colour)  {

     case 1:     for(i=0;i<Number_Of_Pixels;i++){
                 black_Out;
                 background_Colour = 0x00;
                 } break;
     case 2:     for(i=0;i<Number_Of_Pixels;i++){
                 red_Out;
                 background_Colour = 0xF800;
                 } break;
     case 3:     for(i=0;i<Number_Of_Pixels;i++){
                 orange_Out;
                 background_Colour = 0xFCE1;
                 } break;
     case 4:     for(i=0;i<Number_Of_Pixels;i++){
                 yellow_Out;
                 background_Colour = 0xFFE0;
                 } break;
     case 5:     for(i=0;i<Number_Of_Pixels;i++){
                 green_Out;
                 background_Colour = 0x07E0;
                 } break;
     case 6:     for(i=0;i<Number_Of_Pixels;i++){
                 blue_Out;
                 background_Colour = 0x01F;
                 } break;
     case 7:     for(i=0;i<Number_Of_Pixels;i++){
                 violet_Out;
                 background_Colour = 0x891F;
                 } break;
     case 8:     for(i=0;i<Number_Of_Pixels;i++){
                 olive_Out;
                 background_Colour = 0x84A3;
                 } break;
     case 9:     for(i=0;i<Number_Of_Pixels;i++){
                 white_Out;
                 background_Colour = 0xFFFF;
                 } break;
     case 10:    for(i=0;i<Number_Of_Pixels;i++){
                 magenta_Out;
                 background_Colour = 0xF81F;
                 } break;
     case 11:    for(i=0;i<Number_Of_Pixels;i++){
                 lime_Out;
                 background_Colour = 0xAF20;
                 } break;
     case 12:    for(i=0;i<Number_Of_Pixels;i++){
                 babypowder_Out;
                 background_Colour = 0xEE8F;
                 } break;
     case 13:    for(i=0;i<Number_Of_Pixels;i++){
                 cyan_Out;
                 background_Colour = 0x07FF;
                 } break;
     case 14:    for(i=0;i<Number_Of_Pixels;i++){
                 lavenderblush_Out;
                 background_Colour = 0xFBC7;
                 } break;
     case 15:    for(i=0;i<Number_Of_Pixels;i++){
                 beige_Out;
                 background_Colour = 0xF4C7;
                 } break;
     default:    for(i=0;i<Number_Of_Pixels;i++){
                 Write_Data_EpsonS1D13517(0xFFFF);
                 } break;
    }

   Write_Command_EpsonS1D13517(0x2A);
   Write_Data_EpsonS1D13517(sdram_Location_Number<<4 | display_enable_bit);        //BIT ZERO HERE = Enable the display   Single buffer display (default) page 65  BITS 7,6,5,4 ARE INPUT BUFFER NUMBERS 1 TO 16   Buffer 9 = 1000
   Write_Command_EpsonS1D13517(0x50);                                          //REG[50h] Display Control Register PAGE 72
   Write_Data_EpsonS1D13517(0x80);                                             //Bit 7 must be set to update display 0b10000000 = HEX 80 OR 128 DECIMAL
   Epson_CS = 1;

}

//==============================================================

uint16_t Pixel;
void set_Pixel_Colour(uint16_t colour){

    switch(colour)  {

     case 1:     Pixel = 0x00;//black
                 break;
     case 2:     Pixel = 0xF800;//red
                 break;
     case 3:     Pixel = 0xFCE1;//orange
                 break;
     case 4:     Pixel = 0xFFE0;//yellow
                 break;
     case 5:     Pixel = 0x07E0;//green
                 break;
     case 6:     Pixel = 0x01F;//blue
                 break;
     case 7:     Pixel = 0x891F;//violet
                 break;
     case 8:     Pixel = 0x84A3;//olive
                 break;
     case 9:     Pixel = 0xFFFF;//white
                 break;
     case 10:    Pixel = 0xF81F;//magenta
                 break;
     case 11:    Pixel = 0xAF20;//lime
                 break;
     case 12:    Pixel = 0xEE8F;//babyPowder
                 break;
     case 13:    Pixel = 0x07FF;//cyan
                 break;
     case 14:    Pixel = 0xFBC7;//lavenderblush
                 break;
     case 15:    Pixel = 0xF4C7;//beige
                 break;
     default:    Pixel = colour;
                 break;
    }
}

//==============================================================

void Set_Display_Letters_S1D13517(uint16_t x_position, uint16_t y_position){

     uint16_t Set_Start_Column = 0x01 | x_position/4;
     uint16_t Set_Start_Row = 0x00 | y_position/4;
     uint16_t Set_End_Column = Set_Start_Column-2 + Letter_Font_Width/4; //(bytes -1 bit) 8 pixels = 1 byte, 16 pixels = 2 bytes
     uint16_t Set_End_Row = Set_Start_Row + Letter_Font_Height/4;
     Epson_CS = 0;
     //REGISTERS AUTO-INCREMENT !
     Write_Command_EpsonS1D13517(0x5A);              //X START REGISTER
     Write_Data_EpsonS1D13517(Set_Start_Column);     //X START
     Write_Data_EpsonS1D13517(Set_Start_Row);        //Y START REGISTER ZER0
     Write_Data_EpsonS1D13517(1);                    //Y START REGISTER 1
     Write_Data_EpsonS1D13517(Set_End_Column);       //X END POSITION
     Write_Data_EpsonS1D13517(Set_End_Row);          //Y END POSITION REGISTER ZER0
     Write_Data_EpsonS1D13517(1);                    //Y END POSITION REGISTER 1
     Epson_CS = 1;
}

//==============================================================

void write_Character(const uint8_t* glyphPtr,  uint16_t x_position, uint16_t y_position, uint16_t colour){

    uint8_t x = 0;
    uint8_t dataout = 0;
    uint16_t i=1;
    uint16_t jj=0;
    set_Pixel_Colour(colour);
    Set_Display_Letters_S1D13517(x_position,y_position);
    Epson_CS = 0;
    for (jj = 0; jj < letter_font_length_bytes; jj++){
    for(x=0; x<8; x++){
        dataout = glyphPtr[jj] &i;
      if(dataout){
        write_data_EpsonS1D13517(Pixel);
       }else  {write_data_EpsonS1D13517(background_Colour); }
        i=i<<1;
      if(i>128){
           i=1;}
     }
    }
    Epson_CS = 1;
}

//==============================================================

                                           // DEFINITIONS FOR MMC/SD CARD COMMANDS
#define CMD0   (64 + 0)                    // Software Reset Command
#define CMD1   (64 + 1)                    // Initiate initialization process.
#define ACMD41 (64 + 41)                   // SEND_OP_COND (SDC)
#define CMD8   (64 + 8)                    // COMMAND  8  VERSION CHECK  For only SDC V2. Check voltage range.
#define CMD9   (64 + 9)                    // SEND_CSD  Read CSD register.
#define CMD10  (64 + 10)                   // SEND_CID  Read CID register.
#define CMD12  (64 + 12)                   // STOP_TRANSMISSION  Stop to read data.
#define ACMD13 (64 + 13)                   // SD_STATUS (SDC)
#define CMD16  (64 + 16)                   // SET SECTOR LENGTH OF BYTES YOU WANT TO READ Change R/W block size.
#define CMD17  (64 + 17)                   // READ SINGLE SECTOR
#define CMD18  (64 + 18)                   // READ MULTIPLE SECTORS UNTIL INTERRUPTED BY A 'STOP TRANSMISSION' COMMAND
#define CMD23  (64 + 23)                   // SET SECTOR COUNT / NUMBER OF BLOCKS TO READ FOR CMD18 & CMD25
#define ACMD23 (64 + 23)                   // SET_WRITE SECTOR ERASE COUNT (SDC) For only SDC. Define number of blocks to pre-erase with next multi-block write command.
#define CMD24  (64 + 24)                   // SET WRITE ADDRESS FOR SINGLE SECTOR
#define CMD25  (64 + 25)                   // SET FIRST WRITE ADDRESS FOR MULTIPLE SECTORS
#define CMD41  (64 + 41)                   // SEND_OP_COND (ACMD)
#define CMD55  (64 + 55)                   // APP_CMD  Leading command before ACMD command.
#define CMD58  (64 + 58)                   // READ_OCR

//==============================================================

uint8_t   Boot_Sector = 0;                    //Sector number of Boot Record
uint32_t  Root_Directory;                     //Sector number of Root Directory
uint16_t  Bytes_Per_Sector;
uint16_t  data_start_Sector;
uint16_t  First_File_Allocation_Table;        //Sector number of first FAT
uint16_t  FAT_Start_Sector;
uint32_t  Number_of_Sectors;
uint32_t  Number_Of_Hidden_Sectors;
uint8_t   Number_of_File_Allocation_Tables;
uint16_t  Number_of_Root_Directory_Entries;
uint16_t  Sectors_Per_Cluster;
uint16_t  Start_Sector_for_FAT1;              //Also known as Reserved_Sectors;  0Eh
uint16_t  Sectors_Per_FAT;
uint16_t  reservedSectors;
uint32_t  sector;
uint32_t  Cluster_Size;
uint8_t   bootSectorBuffer[512];
uint8_t   dataBuffer[512]; //SECTOR BUFFER
uint16_t  colour = white;

//==============================================================

void Read_Sector(uint32_t address, uint8_t *buffer){

    uint16_t  ypos = 50;
    uint16_t  xpos = 20;
    uint16_t  x;
    uint16_t  Counter = 0;
    uint8_t   loop1;
    uint8_t   responseBuffer[4];

    loop1:
    SD_Card_Chip_Select = 0;
    SPI3_Write(CMD17);        //Command 17  Read Sector
    SPI3_Write(Address>>24);
    SPI3_Write(Address>>16);
    SPI3_Write(Address>>8);
    SPI3_Write(Address);
    SPI3_Write(0x87);
    SD_Card_Chip_Select = 1;
    //SPI3_Write(0xFF);
    SD_Card_Chip_Select = 0;

    responseBuffer[0] = SPI3_Read(0xFF);   //Response 1   THIS WORKS BY ITSELF, IGNORE IT, IT'S USUALLY 0xFF

    do {
        responseBuffer[0] = SPI3_Read(0xFF);
        Delay_us(2);
    }   while (responseBuffer[0] !=0xFE);

    for(x = 0; x <512; x++){

     buffer[x] = SPI3_Read(255);     //<<<<<<DATA BUFFER HERE
     }

    for(x = 0; x < 2; x++){

       responseBuffer[0] = SPI3_Read(255);
     }
      SD_Card_Chip_Select = 1;
      SPI3_Write(0xFF);
}


void switchCharacter(uint8_t Value, uint16_t x, uint16_t y, uint16_t colour){

    const uint8_t* glyph;

    if (Value < 32 || Value > 126)
        return;

    glyph = FontPtr[Value - 32];

    write_Character(glyph, x, y, colour);
}


//==============================================================

void Write_Text(const uint8_t *text, uint16_t x, uint16_t y, uint8_t colour)
{
    uint16_t i = 0;

    while (text[i] != '\0') {
        switchCharacter(text[i], x + (i * Letter_Font_Width), y, colour);
        i++;
    }
}

//==============================================================

void Write_Number(uint32_t value, uint16_t x, uint16_t y, uint8_t colour)
{
    uint8_t buffer[12];
    int index = 0;

    do {
        buffer[index++] = '0' + (value % 10);
        value /= 10;
    } while (value > 0);

    while (index > 0) {
        index--;
        switchCharacter(buffer[index], x, y, colour);
        x += Letter_Font_Width;
    }
}

//==============================================================

void Get_Boot_Information(){

    uint16_t xpos_Start_Message = 216;
    uint16_t xpos_Numbers = 4;
    uint16_t font_Height = 2;
    uint16_t rootDirectorySectors;
    uint32_t Byte20;
    uint32_t Byte21;
    uint32_t Byte22;
    uint32_t Byte23;

    Read_Sector(0, bootSectorBuffer);

    Clear_Screen_S1D13517(black);

    Bytes_Per_Sector = bootSectorBuffer[0x0B] + (bootSectorBuffer[0x0C]<<8);
    Write_Number(Bytes_Per_Sector, xpos_Numbers, font_Height, beige);
    Write_Text("bytes per sector", xpos_Start_Message, font_Height *1 + 4, beige);

    font_Height = 32;

    sectors_Per_Cluster = bootSectorBuffer[0x0D];
    Write_Number(sectors_Per_Cluster, xpos_Numbers, font_Height, white);
    Write_Text("sectors per cluster", xpos_Start_Message, font_Height + 4, white);

    reservedSectors = bootSectorBuffer[0x0E] + (bootSectorBuffer[0x0F]<<8);  //Reserved Sector
    Write_Number(reservedSectors, xpos_Numbers, font_Height *2, yellow);
    Write_Text("reserved sectors", xpos_Start_Message, font_Height *2 + 4, yellow);

    Number_of_File_Allocation_Tables = bootSectorBuffer[0x10];
    Write_Number(Number_of_File_Allocation_Tables, xpos_Numbers, font_Height *3, cyan);
    Write_Text("number of fat tables", xpos_Start_Message, font_Height *3 + 4, cyan);

    Number_of_Root_Directory_Entries = bootSectorBuffer[0x11] + (bootSectorBuffer[0x12]<<8);
    Write_Number(Number_of_Root_Directory_Entries, xpos_Numbers, font_Height *4, white);
    Write_Text("number of root entries", xpos_Start_Message, font_Height *4 + 4, white);

    Sectors_Per_FAT = bootSectorBuffer[0x16] + (bootSectorBuffer[0x17]<<8);
    Write_Number(Sectors_Per_FAT, xpos_Numbers, font_Height *5, green);
    Write_Text("sectors per fat", xpos_Start_Message, font_Height *5 + 4, green);

    Byte23 =   bootSectorBuffer[0x23];
    Byte22 =   bootSectorBuffer[0x22];
    Byte21 =   bootSectorBuffer[0x21];
    Byte20 =   bootSectorBuffer[0x20];

    Number_of_Sectors =  Byte23<<24 | Byte22<<16 | Byte21<<8 | Byte20;
    Write_Number(Number_of_Sectors, xpos_Numbers, font_Height *6, white);
    Write_Text("total sectors", xpos_Start_Message, font_Height *6 + 4, white);

    FAT_Start_Sector = Boot_Sector + reservedSectors;
    Write_Number(FAT_Start_Sector, xpos_Numbers, font_Height *7, blue);
    Write_Text("fat start . reserved", xpos_Start_Message, font_Height *7 + 4, blue);

    Root_Directory = reservedSectors + (Sectors_Per_FAT * Number_of_File_Allocation_Tables); //i.e. 6  +  (233 * 2 )
    Write_Number(Root_Directory, xpos_Numbers, font_Height *8 , magenta);
    Write_Text("Root Directory", xpos_Start_Message, font_Height *8 + 4, magenta);

    rootDirectorySectors = (Number_of_Root_Directory_Entries * 32) / Bytes_Per_Sector;
    data_start_Sector = reservedSectors + (Number_of_File_Allocation_Tables * Sectors_Per_FAT)+ rootDirectorySectors;
    Write_Number(data_start_Sector, xpos_Numbers, font_Height *9 , yellow);
    Write_Text("Data Start Sector", xpos_Start_Message, font_Height *9 + 4, yellow);
    Write_Text("CLUSTER 2 504.0x1",  xpos_Start_Message, font_Height *10 + 4, orange);
    Write_Text("CLUSTER 3 504.64x1", xpos_Start_Message, font_Height *11 + 4, orange);
    Write_Text("CLUSTER 4 504.64x2", xpos_Start_Message, font_Height *12 + 4, orange);
    Write_Text("CLUSTER 5 504.64x3", xpos_Start_Message, font_Height *13 + 4, orange);
    Write_Text("CLUSTER 6 504.64x4", xpos_Start_Message, font_Height *14 + 4, orange);
    Write_Number(504+ (64*0), xpos_Numbers, font_Height *10 , orange);
    Write_Number(504+ (64*1), xpos_Numbers, font_Height *11 , orange);
    Write_Number(504+ (64*2), xpos_Numbers, font_Height *12 , orange);
    Write_Number(504+ (64*3), xpos_Numbers, font_Height *13 , orange);
    Write_Number(504+ (64*4), xpos_Numbers, font_Height *14 , orange);
    Delay_ms(700);

}

//==============================================================

void Set_Bus_Speeds(){

      /* unlock system for clock configuration */
    SYSKEY = 0x00000000;
    SYSKEY = 0xAA996655;
    SYSKEY = 0x556699AA;
    PB1DIVbits.PBDIV = 1; // Peripheral Bus 1 Clock Divisor Control (PBCLK1 is SYSCLK divided by 2)
    PB2DIVbits.ON = 1; // Peripheral Bus 2 Output Clock Enable (Output clock is enabled)
    PB2DIVbits.PBDIV = 1; // Peripheral Bus 2 Clock Divisor Control (PBCLK2 is SYSCLK divided by 2)  Peripheral Bus 2 Clock drives i2C, spi, PMP
    PB3DIVbits.ON = 1; // Peripheral Bus 3 Output Clock Enable (Output clock is enabled)
    PB3DIVbits.PBDIV = 1; // Peripheral Bus 3 Clock Divisor Control (PBCLK3 is SYSCLK divided by 2)
    PB4DIVbits.ON = 1; // Peripheral Bus 4 Output Clock Enable (Output clock is enabled)
    while (!PB4DIVbits.PBDIVRDY); // Wait until it is ready to write to
    PB4DIVbits.PBDIV = 1; // Peripheral Bus 4 Clock Divisor Control (PBCLK4 is SYSCLK divided by 1)
    PB5DIVbits.ON = 1; // Peripheral Bus 5 Output Clock Enable (Output clock is enabled)
    PB5DIVbits.PBDIV = 1; // Peripheral Bus 5 Clock Divisor Control (PBCLK5 is SYSCLK divided by 2)
    PB7DIVbits.ON = 1; // Peripheral Bus 7 Output Clock Enable (Output clock is enabled)
    PB7DIVbits.PBDIV = 1; // Peripheral Bus 7 Clock Divisor Control (PBCLK7 is SYSCLK divided by 1)
    PB8DIVbits.ON = 1; // Peripheral Bus 8 Output Clock Enable (Output clock is enabled)
    PB8DIVbits.PBDIV = 1; // Peripheral Bus 8 Clock Divisor Control (PBCLK8 is SYSCLK divided by 2)
    PRECONbits.PFMSECEN = 0;  // Flash SEC Interrupt Enable (Do not generate an interrupt when the PFMSEC bit is set)
    PRECONbits.PREFEN = 0b11; // Predictive Prefetch Enable (Enable predictive prefetch for any address)  bit 5-4 PREFEN<1:0>: Predictive Prefetch Enable bits
    PRECONbits.PFMWS = 0b10;  // PFM Access Time Defined in Terms of SYSCLK Wait States (Two wait states)
    CFGCONbits.ECCCON = 3;
    SYSKEY = 0x00;
}

//==============================================================

void InitialiseSlowSPI(uint16_t Speed){
  SPI3_Init_Advanced(_SPI_MASTER, _SPI_8_BIT, Speed, _SPI_SS_DISABLE, _SPI_DATA_SAMPLE_MIDDLE, _SPI_CLK_IDLE_HIGH, _SPI_ACTIVE_2_IDLE);
}
void InitialiseFastSPI(uint8_t Speed){
  SPI3_Init_Advanced(_SPI_MASTER, _SPI_8_BIT, Speed, _SPI_SS_DISABLE, _SPI_DATA_SAMPLE_MIDDLE, _SPI_CLK_IDLE_HIGH, _SPI_ACTIVE_2_IDLE);
}

//==============================================================

void Write_HexByte(uint8_t b, uint16_t x, uint16_t y, uint16_t colour){

    uint8_t hex[3];
    uint8_t hi;
    uint8_t lo;

    hi = (b >> 4) & 0x0F;
    lo = b & 0x0F;

    hex[0] = (hi < 10) ? ('0' + hi) : ('A' + (hi - 10));
    hex[1] = (lo < 10) ? ('0' + lo) : ('A' + (lo - 10));
    hex[2] = 0;

    Write_Text(hex, x, y, colour);
}

//==============================================================

void Initialise_SDCARD_New(){

    uint16_t  x;
    uint16_t Counter = 0;
    uint8_t responseBuffer[5];
    uint8_t response1;
    uint8_t loop0;
    uint8_t loop8;
    uint8_t loop55;
    uint8_t loop58;
    uint8_t loop16;
    uint8_t read_again;
    uint8_t token;
    uint8_t Bit31;
    uint8_t Bit30;
    uint8_t Bits23_16;
    uint16_t Speed;
    
    Clear_Screen_S1D13517(blue);
    Write_Text("START OF SD CARD INITIALISATION", 10,10,yellow);  //debug
    Delay_ms(100);
    Clear_Screen_S1D13517(black);
    Write_Text("START OF SD CARD INITIALISATION", 10,10,yellow);  //debug
    loop0:
    InitialiseSlowSPI(250);
    Delay_ms(1200);      //SD Card Power-Up Time.

    LATB10_bit = 1;     // RB10 = SERIAL DATA OUT SPI3
    LATB14_bit = 1;     // RB14 = CLOCK SPI 3

    for(x = 0; x <10; x++){    // DUMMY CLOCKS  74 ARE REQUIRED.
     SPI3_Write(0xff);
    }

    SD_Card_Chip_Select = 0;
    SPI3_Write(CMD0);       //Software Reset Command
    SPI3_Write(0x00);
    SPI3_Write(0x00);
    SPI3_Write(0x00);
    SPI3_Write(0x00);
    SPI3_Write(0x95);       //0x95 Is Checksum For Software Reset

    Delay_ms(1);
    do {
    response1 = SPI3_Read(0xFF);
    Counter++;
    } while(response1 ==0xFF);

    SD_Card_Chip_Select = 1;
    SPI3_Write(0xFF);
    Delay_ms(2);

    if(response1 != 1 && response1 != 0){
    Clear_Screen_S1D13517(red);
    Write_Number(response1,30,70,blue);
    Write_Number(counter,  30,110,blue);
    }

    Delay_ms(20);           //TIME FOR SD CARD
    Counter = 0;

    Write_Text("ROUTINE CMD0 COMPLETE", 10,42,white);  //debug

    loop8:
    SPI3_Write(0xFF);
    SD_Card_Chip_Select = 0;
    SPI3_Write(CMD8);
    SPI3_Write(0x00);
    SPI3_Write(0x00);
    SPI3_Write(0x01);
    SPI3_Write(0xAA);
    SPI3_Write(0x87);        //Checksum
    Delay_us(2);

    do {
    response1 = SPI3_Read(0xFF);
    Delay_us(2);
    } while(response1 != 0);

    Delay_ms(1);

    SD_Card_Chip_Select = 0;
    for(x = 0; x <4; x++){
    delay_ms(1);
    responseBuffer[x] = SPI3_Read(255);
    }

    SD_Card_Chip_Select = 1;
    SPI3_Write(0xFF);

    if(responseBuffer[0] !=0 && responseBuffer[1] !=0 && responseBuffer[2] !=1 && responseBuffer[3] !=170  ){
     Counter++;
    if(Counter >5){
       Clear_Screen_S1D13517(red);
       Write_Text("CMD8 ERROR SD CARD INIT",100,30,white);
       Write_Number(response1,30,70,blue);
       Write_Number(responseBuffer[0],30,100,blue);
       Write_Number(responseBuffer[1],30,130,blue);
       Write_Number(responseBuffer[2],30,160,blue);
       goto loop8;
     }
    }

    Write_Text("ROUTINE CMD8 COMPLETE", 10,74,white);  //debug

    Counter = 0;
    loop55:

    SD_Card_Chip_Select = 0;
    SPI3_Write(CMD55);  //     PAGE 59 OF SD CARD ASSOCIATION STATES THAT COMMAND 55 SHALL ALWAYS PRECEDE AMCD41
    SPI3_Write(0x00);
    SPI3_Write(0x00);
    SPI3_Write(0x00);
    SPI3_Write(0x00);
    SPI3_Write(0x87);         // Checksum

    do {
    response1 = SPI3_Read(0xFF);
    counter++;
    } while(response1 !=1);

    SD_Card_Chip_Select = 1;
    SPI3_Write(0xFF);
    Delay_ms(2);
    Counter = 0;

    Write_Text("ROUTINE CMD55 COMPLETE", 10,106,white);  //debug

    Delay_ms(10);

    SD_Card_Chip_Select = 0;
    SPI3_Write(CMD41);  //CMD41
    SPI3_Write(0x40);   //send 0x40... when card_version == 2 (SD v2). send 0x00... when card_version == 1 (SD v1).
    SPI3_Write(0x00);
    SPI3_Write(0x00);
    SPI3_Write(0x00);
    SPI3_Write(0x87);   // Checksum was 0x87

    delay_us(2);
    do {
    response1 = SPI3_Read(0xFF);
    delay_us(2);
    } while(response1 ==0xFF);

    SD_Card_Chip_Select = 1;
    SPI3_Write(0xFF);
    Delay_ms(2);

    if(response1 !=0){

    Counter++;
    delay_us(500);

    if(Counter >10){
     Clear_Screen_S1D13517(red);
     Write_Text("CMD41 ERROR SD CARD INIT", 100, 30, white);
     Write_Text("SD CARD V1 MAYBE", 100, 60, white);
     Write_Number(response1,30,100,white);
     Write_Number(counter,  130,100,red);
    }
    goto loop55;
    }

    Write_Text("ROUTINE CMD41 COMPLETE", 10, 138, white);  //debug

    Counter = 0;
    loop58:

    SD_Card_Chip_Select = 0;
    SPI3_Write(CMD58);       //OCR register (big-endian, MSB first)
    SPI3_Write(0x00);
    SPI3_Write(0x00);
    SPI3_Write(0x00);
    SPI3_Write(0x00);
    SPI3_Write(0xFF);        //Checksum

    delay_ms(2);
    do{
     response1 = SPI3_Read(0xFF);

    }while(response1 !=0xFF);

    for(x = 0; x <4; x++){

    delay_us(200);
    responseBuffer[x] = SPI3_Read(0xFF);
    }
    SD_Card_Chip_Select = 1;
    SPI3_Write(0xFF);
    Counter = 0;
    /*|------------------------------------------------------------------------------|
    |   31 = card power up complete and read                                       |
    |   30 = SDHC or SDXC                                                          |
    |   23 to 16 = if all bits set, voltage rand full from 2.7 volts to 3.6 volts  |
    |   15 - 8 voltage windows = 2 volts to 2.7 volts                              |
    |   bit 7 of last byte = voltage window of 1.7 volts to 2 volts                |
    |   bits 6 to zero = reserved                                                  |
    |                                                                              |
    |           192          255           128          65                         |
    |                                                                              |
    |         11000000     11111111      10000000      01000001                    |
    |______________________________________________________________________________|*/



    Write_Text("ROUTINE CMD58 OCR COMPLETE ", 10, 170, white);  //debug


    Bit31 = responseBuffer[1] & 128;
    if(Bit31){

    Write_Text("POWER-UP COMPLETE", 10, 234, green);  //debug

    }
    if( Bit31 ==0){

    Write_Text("POWER-UP FAIL", 10, 234, red);  //debug

    }

    Bit30 = responseBuffer[1] & 64;
    if(Bit30){

    Write_Text("SDHC CARD", 10, 266, green);  //debug

    }
    if(Bit30 ==0){

    Write_Text("SDSC CARD", 10, 266, red);  //debug

    }

    Bits23_16 = responseBuffer[2] & 0xFF;
    if(Bits23_16){

    Write_Text("Voltage Window 2.7 to 3.6", 10, 298, green);  //debug

    }

    if(Bit31 ==0){
    Counter++;
    Delay_ms(1);
    if(Counter >5){
     Clear_Screen_S1D13517(red);
      Write_Text("CMD58 ERROR POWER FAIL", 30, 50, white);
     Delay_ms(300);
    }
    goto loop58;
    }

    Delay_ms(2000);

    loop16:
    speed = 14;
    InitialiseFastSPI(Speed); //<<<<<<<<<<<<<<<<<
    Delay_ms(100);
    Counter = 0;

    SPI3_Write(0xFF);
    SD_Card_Chip_Select = 0;
    SPI3_Write(CMD16);
    SPI3_Write(0x00);
    SPI3_Write(0x00);
    SPI3_Write(0x02);
    SPI3_Write(0x00);
    SPI3_Write(0x87);      // Checksum

    // delay_ms(2);
    do{
     responseBuffer[5] = SPI3_Read(0xFF);

    }while(responseBuffer[5] ==0xFF);
    SD_Card_Chip_Select = 1;
    SPI3_Write(0xFF);

    Write_Text("ROUTINE CMD16 Complete ", 10, 202, white);  //debug

    Counter = 0;
    read_again:
    SD_Card_Chip_Select = 0;
    SPI3_Write(CMD17);
    SPI3_Write(0x00);
    SPI3_Write(0x00);
    SPI3_Write(0x00);
    SPI3_Write(0x00);
    SPI3_Write(0x87);      // Checksum
    Delay_us(2);

    do {
    responseBuffer[1] = SPI3_Read(0xFF);
    Delay_us(2);
    Counter++;
    } while(responseBuffer[1] ==0xFF);

    asm nop;
    SD_Card_Chip_Select = 1;
    SPI3_Write(0xFF);
    Counter = 0;

    SD_Card_Chip_Select = 0;
    do {
    token = SPI3_Read(0xFF);
    Delay_us(40);
    Counter++;
    if(Counter >10)
    {
     goto read_again;
    }

    } while(token !=0xFE);

    if(token !=0xFE){

    Clear_Screen_S1D13517(red);
    Write_HexByte(token,300,30,white);
    while(1);

    }

    for(x = 0; x <512; x++){
    
    bootSectorBuffer[x] = SPI3_Read(255);
    
    }

    for(x = 0; x < 2; x++)
    {
    responseBuffer[0] = SPI3_Read(255);
    }
    SD_Card_Chip_Select = 1;
    SPI3_Write(0xFF);

    Delay_ms(1500);

    if(bootSectorBuffer[54] ==70 && bootSectorBuffer[58] == 54 && bootSectorBuffer[510] ==0x55 && bootSectorBuffer[511] ==0xAA){
     Clear_Screen_S1D13517(lavenderblush);
     colour = blue;
     Write_Text("FAT16 INITIALISED", 185, 30, white);
     switchCharacter(bootSectorBuffer[54], 300,100,colour);
     switchCharacter(bootSectorBuffer[55], 330,100,colour);
     switchCharacter(bootSectorBuffer[56], 360,100,colour);
     switchCharacter(bootSectorBuffer[57], 390,100,colour);
     switchCharacter(bootSectorBuffer[58], 420,100,colour);
     Write_Text("CMD17 TOKEN = ", 200, 160, white);
     Write_Text("SPEED", 200, 200, green);
     Write_HexByte(token,500,160,green);
     Write_Number(Speed, 360, 200, yellow);
     Delay_ms(800);
    }

    if(bootSectorBuffer[54] != 70 && bootSectorBuffer[58] != 54 && bootSectorBuffer[0]==0 && bootSectorBuffer[2]==0){
     Clear_Screen_S1D13517(blue);
     Write_Text("POSSIBLE MBR FOUND NOT FAT16", 30, 30, white);
     Write_HexByte(bootSectorBuffer[0],30,70,red);
     Write_HexByte(bootSectorBuffer[1],30,100,red);
     Write_HexByte(bootSectorBuffer[2],30,130,red);
     Write_HexByte(bootSectorBuffer[510],30,160,red);
     Write_HexByte(bootSectorBuffer[511],90,160,red);
     Write_Text("This Alpha-Blend version FAT16", 30, 200, white);
     Write_Text("Format super-floppy FAT16 rufus", 30, 230, white);
     while(1);
    }

    if(bootSectorBuffer[510] !=0x55 && bootSectorBuffer[511] !=0xAA){
     Clear_Screen_S1D13517(red);
     colour = white;
     Write_Text("BOOT SIGNATURE ERROR", 160, 30,white);
     Write_HexByte(bootSectorBuffer[0],30,60,colour);
     Write_HexByte(bootSectorBuffer[1],30,90,colour);
     Write_HexByte(bootSectorBuffer[2],30,120,colour);
     Write_HexByte(bootSectorBuffer[510],30,150,colour);
     Write_HexByte(bootSectorBuffer[511],120,150,colour);
     Write_Text("Speed currently  =", 30, 200,white);
     Write_Number(speed,450,200,white);
     Write_Text("Decreasing SPI Speed", 30, 240,white);
     Delay_ms(600);
     Speed+=4;
     Counter++;
     goto read_again;
     while(bootSectorBuffer[511] !=0xAA){
     }
    }

    //debug tool below
    /*Write_Number(responseBuffer[1],108,400,magenta);
    Write_Number(responseBuffer[2],190,350,white);
    Write_Number(responseBuffer[3],268,350,yellow);
    Write_Number(responseBuffer[4],346,350,blue);
    Write_Number(counter, 500, 400, white);
    //jump instructions, start of card
    Write_HexByte(bootSectorBuffer[0],30,30,red);
    Write_HexByte(bootSectorBuffer[1],30,60,red);
    Write_HexByte(bootSectorBuffer[2],30,90,red);
    //boot signature below
    Write_HexByte(bootSectorBuffer[510],30,290,red);
    Write_HexByte(bootSectorBuffer[511],30,330,red);
    //text letters below
    Switch_Character(bootSectorBuffer[54], 500,50,yellow);
    Switch_Character(bootSectorBuffer[55], 500,90,yellow);
    Switch_Character(bootSectorBuffer[56], 500,130,yellow);
    Switch_Character(bootSectorBuffer[57], 500,170,yellow);
    switch_Character(bootSectorBuffer[58], 500,210,yellow);*/
    //while(1);
    //Delay_ms(2000);
}


struct File_Details{
    uint16_t sectorLocation[15];
    uint32_t TotalFileSize;
    uint32_t startingCluster[15];
}File;

uint32_t Actual_Sector[15];
uint8_t  File_Number = 0;
uint8_t  FileCount = 0;

void Get_Files(){ // now counting to five

    uint8_t  x = 0;
    uint16_t ypos = 10;
    uint16_t xpos = 240;
    uint32_t Sector;
    uint16_t xpos_for_FileNumber;
    uint16_t xpos_for_Location;
    uint16_t xpos_for_Actual_Start_Sector;
    uint16_t sectorLocation;
    uint8_t  scanAgain;
    uint8_t  once  = 1;
    uint8_t  twice = 1;
    uint32_t SizeData31 = 0;
    uint32_t SizeData30 = 0;
    uint32_t SizeData29 = 0;
    uint32_t SizeData28 = 0;
    uint16_t StartingClusterData27 = 0;
    uint8_t  StartingClusterData26 = 0;
    
    colour = white;

    Sector = Root_Directory * 512;
    Read_Sector(Sector, dataBuffer);  //<<<<READ ROOT DIRECTORY TO VIEW FILES<<<<<<<<<

    Clear_Screen_S1D13517(lavenderblush);

    for(x = 0; x <12; x++){
    switchCharacter(dataBuffer[x], xpos + Letter_Font_Width * x, ypos, colour);   //Display Sdcard Name
    }

    Delay_ms(300);

    Clear_Screen_S1D13517(lavenderblush);

    Write_Text("Sector", 500, ypos, green);   //SECTOR TEXT

    Write_Number(Sector/512, 660, ypos, red); //SECTOR NUMBER

    xpos = 20;          //BMP NAME XPOS START RESET AFTER SECTOR NUMBER AND TEXT DISPLAYED
    ypos       = 20;    //BMP FILE NAME YPOSITION, THIS SHOULD AUTO INCREMENT WITH FILE COUNT
    sectorLocation   = 128;   //Jumps Over System Info
    
    scanAgain:

    while(sectorLocation <512 && File_Number <13){

      if(dataBuffer[sectorLocation + 11] ==0x20) {

       if(dataBuffer[sectorLocation+8] ==66 && dataBuffer[sectorLocation+9] ==77 && dataBuffer[sectorLocation+10] ==80){

            write_number(sectorLocation,340,ypos,blue);

              for(x=0; x<12; x++, colour++){
                  if(colour> 14) colour = 1;
                     switchCharacter(dataBuffer[sectorLocation +x], xpos + letter_font_width * x, ypos, colour);   //SHORT NAMES ARE ALWAYS CONVERTED TO UPPER CASE
                   }

                   ypos +=28;
                   file_number++;
                   File.sectorLocation[file_number] = sectorLocation;
                   SizeData31 =  dataBuffer[File.sectorLocation[file_number]+31];
                   SizeData30 =  dataBuffer[File.sectorLocation[file_number]+30];
                   SizeData29 =  dataBuffer[File.sectorLocation[file_number]+29];
                   SizeData28 =  dataBuffer[File.sectorLocation[file_number]+28];
                   File.totalFileSize =  ((SizeData31<<24) |  (SizeData30<<16) |  (SizeData29<<8) | (SizeData28));
                   StartingClusterData27 = dataBuffer[File.sectorLocation[file_number]+27];
                   StartingClusterData26 = dataBuffer[File.sectorLocation[file_number]+26];
                   File.startingCluster[file_number] = (StartingClusterData27<<8) | StartingClusterData26;
                 }
               }
         sectorLocation +=1;
         if(sectorLocation >=511 && once){
            once = 0;
            sectorLocation = 0;
            Sector = (Bytes_Per_Sector)*(Root_Directory+1);
            Read_Sector(Sector, dataBuffer);
            write_text("Sector", 500, ypos, green);
            write_number(Sector/Bytes_Per_Sector, 660, ypos, white);
           scanAgain;                }
         if(sectorLocation >=511 && once==0 && twice){
            twice = 0;
            sectorLocation = 0;
            Sector = (Bytes_Per_Sector)*(Root_Directory+2);
            Read_Sector(Sector, dataBuffer);
            write_text("Sector", 500, ypos, green);
            write_number(Sector/Bytes_Per_Sector, 660, ypos, white);
           scanAgain;
         }
     }

    ypos +=12;   //SECTOR TEXT AND SECTOR NUMBER ypos

    Write_Text("FILE COUNT", 50, ypos, colour);   //FILE COUNT TEXT

    FileCount = File_Number;
    Write_Number(File_Number, 340, ypos, yellow);
    ypos +=32;

    Write_Text("FILE SIZE", 50, ypos, colour);    //FILE SIZE TEXT

    Write_Number(File.TotalFileSize, 340, ypos, magenta);  //FILE SIZE NUMBER
    Delay_ms(1000);
    while(FileCount ==0);

    xpos_for_FileNumber = 8;
    xpos_for_Actual_Start_Sector = 132;
    xpos_for_Location = 340;
    file_number = 1;
    ypos = 4;
    xpos = 72;

    Delay_ms(500);

    Clear_Screen_S1D13517(black);

    write_text("ACTUAL SECTOR LOCATION", 120, ypos, blue);   //ACTUAL SECTOR LOCATION CALCULATOR

    ypos +=28;

    for(x = 0; x <fileCount; x++){
        write_number(file_number,xpos_for_FileNumber,ypos,lime);
        write_number(File.sectorLocation[file_number],xpos_for_Location,ypos,cyan);
        Actual_Sector[file_number] = data_start_Sector + (File.startingCluster[file_number]-2)* sectors_Per_Cluster;
        write_number(Actual_Sector[file_number],xpos_for_Actual_Start_Sector,ypos,green);
        ypos +=31;
        file_number++;
     }

    Delay_ms(600);
    file_number = 1;  //Must Reset File Number To 1.
}

//==============================================================

void Get_FilesBACKUPCOPY(){ // now counting to five

    uint8_t  x = 0;
    uint16_t ypos = 10;
    uint16_t xpos = 240;
    uint32_t Sector;
    uint16_t xpos_for_FileNumber;
    uint16_t xpos_for_Location;
    uint16_t xpos_for_Actual_Start_Sector;
    uint16_t sectorLocation;
    uint8_t  scanAgain;
    uint8_t  once  = 1;
    uint8_t  twice = 1;
    uint32_t SizeData31 = 0;
    uint32_t SizeData30 = 0;
    uint32_t SizeData29 = 0;
    uint32_t SizeData28 = 0;
    uint16_t StartingClusterData27 = 0;
    uint8_t  StartingClusterData26 = 0;

    colour = white;

    Sector = Root_Directory * 512;
    Read_Sector(Sector, dataBuffer);  //<<<<READ ROOT DIRECTORY TO VIEW FILES<<<<<<<<<

    Clear_Screen_S1D13517(lavenderblush);

    for(x = 0; x <12; x++){
    switchCharacter(dataBuffer[x], xpos + Letter_Font_Width * x, ypos, colour);   //Display Sdcard Name
    }

    Delay_ms(300);

    Clear_Screen_S1D13517(lavenderblush);

    Write_Text("Sector", 500, ypos, green);   //SECTOR TEXT

    Write_Number(Sector/512, 660, ypos, red); //SECTOR NUMBER

    xpos = 20;          //BMP NAME XPOS START RESET AFTER SECTOR NUMBER AND TEXT DISPLAYED
    ypos       = 20;    //BMP FILE NAME YPOSITION, THIS SHOULD AUTO INCREMENT WITH FILE COUNT
    sectorLocation   = 128;   //Jumps Over System Info

    scanAgain:

    while(sectorLocation <512 && File_Number <13){

      if(dataBuffer[sectorLocation + 11] ==0x20) {

       if(dataBuffer[sectorLocation+8] ==66 && dataBuffer[sectorLocation+9] ==77 && dataBuffer[sectorLocation+10] ==80){

            write_number(sectorLocation,340,ypos,blue);

              for(x=0; x<12; x++, colour++){
                  if(colour> 14) colour = 1;
                     switchCharacter(dataBuffer[sectorLocation +x], xpos + letter_font_width * x, ypos, colour);   //SHORT NAMES ARE ALWAYS CONVERTED TO UPPER CASE
                   }

                   ypos +=28;
                   file_number++;
                   File.sectorLocation[file_number] = sectorLocation;
                   SizeData31 =  dataBuffer[File.sectorLocation[file_number]+31];
                   SizeData30 =  dataBuffer[File.sectorLocation[file_number]+30];
                   SizeData29 =  dataBuffer[File.sectorLocation[file_number]+29];
                   SizeData28 =  dataBuffer[File.sectorLocation[file_number]+28];
                   File.totalFileSize =  ((SizeData31<<24) |  (SizeData30<<16) |  (SizeData29<<8) | (SizeData28));
                   StartingClusterData27 = dataBuffer[File.sectorLocation[file_number]+27];
                   StartingClusterData26 = dataBuffer[File.sectorLocation[file_number]+26];
                   File.startingCluster[file_number] = (StartingClusterData27<<8) | StartingClusterData26;
                 }
               }
         sectorLocation +=1;
         if(sectorLocation >=511 && once){
            once = 0;
            sectorLocation = 0;
            Sector = (Bytes_Per_Sector)*(Root_Directory+1);
            Read_Sector(Sector, dataBuffer);
            write_text("Sector", 500, ypos, green);
            write_number(Sector/Bytes_Per_Sector, 660, ypos, white);
           scanAgain;                }
         if(sectorLocation >=511 && once==0 && twice){
            twice = 0;
            sectorLocation = 0;
            Sector = (Bytes_Per_Sector)*(Root_Directory+2);
            Read_Sector(Sector, dataBuffer);
            write_text("Sector", 500, ypos, green);
            write_number(Sector/Bytes_Per_Sector, 660, ypos, white);
           scanAgain;
         }
     }

    ypos +=12;   //SECTOR TEXT AND SECTOR NUMBER ypos

    Write_Text("FILE COUNT", 50, ypos, colour);   //FILE COUNT TEXT

    FileCount = File_Number;
    Write_Number(File_Number, 340, ypos, yellow);
    ypos +=32;

    Write_Text("FILE SIZE", 50, ypos, colour);    //FILE SIZE TEXT

    Write_Number(File.TotalFileSize, 340, ypos, magenta);  //FILE SIZE NUMBER
    Delay_ms(1000);
    while(FileCount ==0);

    xpos_for_FileNumber = 8;
    xpos_for_Actual_Start_Sector = 132;
    xpos_for_Location = 340;
    file_number = 1;
    ypos = 4;
    xpos = 72;

    Delay_ms(500);

    Clear_Screen_S1D13517(black);

    write_text("ACTUAL SECTOR LOCATION", 120, ypos, blue);   //ACTUAL SECTOR LOCATION CALCULATOR

    ypos +=28;

    for(x = 0; x <fileCount; x++){
        write_number(file_number,xpos_for_FileNumber,ypos,lime);
        write_number(File.sectorLocation[file_number],xpos_for_Location,ypos,cyan);
        Actual_Sector[file_number] = data_start_Sector + (File.startingCluster[file_number]-2)* sectors_Per_Cluster;
        write_number(Actual_Sector[file_number],xpos_for_Actual_Start_Sector,ypos,green);
        ypos +=31;
        file_number++;
     }

    Delay_ms(600);
    file_number = 1;  //Must Reset File Number To 1.
}

//==============================================================

void Write_Picture(uint32_t Actual_Sector, uint8_t sdram_Location_Number){

    uint16_t i=0;
    uint32_t Byte10;
    uint32_t Byte11;
    uint32_t Byte12;
    uint32_t Byte13;
    uint32_t image_data_Starts_at;

    uint16_t Byte18;
    uint16_t Byte19;
    uint16_t image_Width;

    uint32_t Byte22;
    uint32_t Byte23;
    uint32_t Byte24;
    uint32_t Byte25;
    uint32_t image_Height;

    uint32_t Image_Total_Bytes;
    uint32_t bytes_left_to_Read;

    uint16_t max_Bytes = 512;
    uint16_t Set_Start_Column, Set_Start_Row;
    uint16_t Set_End_Column, Set_End_Row;
    uint16_t sectors_to_Read = 0;

    signed   int signed_height;
    uint32_t x = 0;

    Read_Sector(Actual_Sector * Bytes_Per_Sector, dataBuffer);  //ACTUAL SECTOR WHERE PICTURE STARTS, NOT THE SAME AS START OF FILE. THIS IS READING THE BITMAP HEADER

    if(dataBuffer[0] != 66 && dataBuffer[1] != 77){
       Clear_Screen_S1D13517(red);
       write_text("NOT A BITMAP", 130,30, white);  }

    Byte10 = dataBuffer[10];
    Byte11 = dataBuffer[11]<<8;
    Byte12 = dataBuffer[12]<<16;
    Byte13 = dataBuffer[13]<<24;

    image_data_Starts_at = Byte10 + Byte11 + Byte12 + Byte13;  //Image starts at (from bmp header) 13,12,11,10

    Byte18 = dataBuffer[18];
    Byte19 = dataBuffer[19]<<8;

    image_Width = Byte18 + Byte19; //Image Width

    Byte22 =  dataBuffer[22];
    Byte23 =  dataBuffer[23]<<8;
    Byte24 =  dataBuffer[24]<<16;
    Byte25 =  dataBuffer[25]<<24;

    signed_height = Byte22 + Byte23 + Byte24 + Byte25;
    image_Height = abs(signed_height);

    sectors_to_Read = File.totalFileSize / Bytes_Per_Sector;  //Total File size divided by 512 = ? sectors
    bytes_left_to_Read = File.totalFileSize %512;             //Total File size divided by 512 = ?sectors and balance / remainder = header, usually 72 bytes

    Image_Total_Bytes = image_Width * image_Height + bytes_left_to_Read;

    if(bytes_left_to_Read >0){
       sectors_to_Read +=1;     //sectors_to_Read = sectors_to_Read+1;
    }

    Epson_CS = 0;
    write_command_EpsonS1D13517(0x52);    //page 73 Input Mode Register
    write_data_EpsonS1D13517(sdram_Location_Number<<4 | 0b0000);  //WORKS FOR Single buffers not PIP  bit 3 is Transparency

    Set_Start_Column = 0;
    Set_Start_Row    = 0;

    Set_End_Column   =  Set_Start_Column-2 + (image_Width/ 4);
    Set_End_Row      =  Set_Start_Row + (image_Height / 4);

    Epson_CS = 0;  //PAGE 75
    write_command_EpsonS1D13517(0x5A);
    write_data_EpsonS1D13517(Set_Start_Column);
    write_data_EpsonS1D13517(Set_Start_Row);
    write_data_EpsonS1D13517(0);
    write_data_EpsonS1D13517(Set_End_Column);
    write_data_EpsonS1D13517(Set_End_Row);
    write_data_EpsonS1D13517(3);

    for(i=0; i<sectors_to_Read; i++){

    Read_Sector(Bytes_Per_Sector * Actual_Sector, dataBuffer);

    if(i==sectors_to_Read-1){
       max_Bytes = bytes_left_to_Read-2;
      }

    for(x = image_data_Starts_at; x<max_Bytes; x +=2){
       PMDIN = dataBuffer[x] | dataBuffer[x+1]<<8; }
       Actual_Sector++;
       image_data_Starts_at = 0;
    }

    Epson_CS = 1;
}

//==============================================================

void Write_PictureBACKUPCOPY(uint32_t Actual_Sector, uint8_t sdram_Location_Number){

    uint16_t i=0;
    uint32_t Byte10;
    uint32_t Byte11;
    uint32_t Byte12;
    uint32_t Byte13;
    uint32_t image_data_Starts_at;

    uint16_t Byte18;
    uint16_t Byte19;
    uint16_t image_Width;

    uint32_t Byte22;
    uint32_t Byte23;
    uint32_t Byte24;
    uint32_t Byte25;
    uint32_t image_Height;

    uint32_t Image_Total_Bytes;
    uint32_t bytes_left_to_Read;

    uint16_t max_Bytes = 512;
    uint16_t Set_Start_Column, Set_Start_Row;
    uint16_t Set_End_Column, Set_End_Row;
    uint16_t sectors_to_Read = 0;

    signed   int signed_height;
    uint32_t x = 0;

    Read_Sector(Actual_Sector * Bytes_Per_Sector, dataBuffer);  //ACTUAL SECTOR WHERE PICTURE STARTS, NOT THE SAME AS START OF FILE. THIS IS READING THE BITMAP HEADER

    if(dataBuffer[0] != 66 && dataBuffer[1] != 77){
       Clear_Screen_S1D13517(red);
       write_text("NOT A BITMAP", 130,30, white);  }

    Byte10 = dataBuffer[10];
    Byte11 = dataBuffer[11]<<8;
    Byte12 = dataBuffer[12]<<16;
    Byte13 = dataBuffer[13]<<24;

    image_data_Starts_at = Byte10 + Byte11 + Byte12 + Byte13;  //Image starts at (from bmp header) 13,12,11,10

    Byte18 = dataBuffer[18];
    Byte19 = dataBuffer[19]<<8;

    image_Width = Byte18 + Byte19; //Image Width

    Byte22 =  dataBuffer[22];
    Byte23 =  dataBuffer[23]<<8;
    Byte24 =  dataBuffer[24]<<16;
    Byte25 =  dataBuffer[25]<<24;

    signed_height = Byte22 + Byte23 + Byte24 + Byte25;
    image_Height = abs(signed_height);

    sectors_to_Read = File.totalFileSize / Bytes_Per_Sector;  //Total File size divided by 512 = ? sectors
    bytes_left_to_Read = File.totalFileSize %512;             //Total File size divided by 512 = ?sectors and balance / remainder = header, usually 72 bytes

    Image_Total_Bytes = image_Width * image_Height + bytes_left_to_Read;

    if(bytes_left_to_Read >0){
       sectors_to_Read +=1;     //sectors_to_Read = sectors_to_Read+1;
    }

    Epson_CS = 0;
    write_command_EpsonS1D13517(0x52);    //page 73 Input Mode Register
    write_data_EpsonS1D13517(sdram_Location_Number<<4 | 0b0000);  //WORKS FOR Single buffers not PIP  bit 3 is Transparency

    Set_Start_Column = 0;
    Set_Start_Row    = 0;

    Set_End_Column   =  Set_Start_Column-2 + (image_Width/ 4);
    Set_End_Row      =  Set_Start_Row + (image_Height / 4);

    Epson_CS = 0;  //PAGE 75
    write_command_EpsonS1D13517(0x5A);
    write_data_EpsonS1D13517(Set_Start_Column);
    write_data_EpsonS1D13517(Set_Start_Row);
    write_data_EpsonS1D13517(0);
    write_data_EpsonS1D13517(Set_End_Column);
    write_data_EpsonS1D13517(Set_End_Row);
    write_data_EpsonS1D13517(3);

    for(i=0; i<sectors_to_Read; i++){

    Read_Sector(Bytes_Per_Sector * Actual_Sector, dataBuffer);

    if(i==sectors_to_Read-1){
       max_Bytes = bytes_left_to_Read-2;
      }

    for(x = image_data_Starts_at; x<max_Bytes; x +=2){
       PMDIN = dataBuffer[x] | dataBuffer[x+1]<<8; }
       Actual_Sector++;
       image_data_Starts_at = 0;
    }

    Epson_CS = 1;
}

//==============================================================

uint8_t Ready = 0;
void Interrupt() iv IVT_EXTERNAL_1 ilevel 7 ics ICS_SRS {    // AN25/RPE8/RE8   Interrupts PAGE 116      INTCON: INTERRUPT CONTROL REGISTER page 141

        IFS0bits.INT1IF = 0;
        Ready = 1;
}

void main() {

    uint8_t  SD_CARD_Detect;
    uint8_t  Memory_buffer = 0;
    uint16_t PointerToSector;
    uint32_t Memory_Address0;
    uint32_t Memory_Address1;
    uint32_t Memory_Address2;
    uint8_t  link;
    uint8_t  alphaValue = 0;
    uint32_t Buffer[14];
    uint16_t Random = 0;
    uint8_t  OneImage = 0xC0;
    uint8_t  TwoImage = 0x80;
    
    Init_Font_System();

//=============================================================================

 // The 16MB SDRAM Must Be Set Using Multiples Of 16k Which Equals 16384 Bytes.
 // 800x480 screen =  384000 * 3 for 24 bit = 1152000 bytes.
 // Only Whole Numbers Are Permitted, i.e.Integers.
 // 16k or 16384 Multiplied By 64 = 1,048,576 Bytes. Too Small.
 //        16384 Multiplied By 71 = 1'16'3264
          //  71 * 16384 = 1,163,264 BYTES PER BUFFER
//=============================================================================

    Buffer[0]  = 0x00;
    Buffer[1]  = 0x11C000; //1 OK
    Buffer[2]  = 0x238000; //2 OK
    Buffer[3]  = 0x354000; //3 OK
    Buffer[4]  = 0x470000; //4 OK
    Buffer[5]  = 0x58C000; //5 OK
    Buffer[6]  = 0x6A8000; //6 OK
    Buffer[7]  = 0x7C4000; //7 OK
    Buffer[8]  = 0x8E0000; //8 OK
    Buffer[9]  = 0x9FC000; //9 OK
    Buffer[10] = 0xB18000; //10 OK
    Buffer[11] = 0xC34000; //11 OK
    Buffer[12] = 0xD50000; //12 OK
    Buffer[13] = 0xE6C000; //13 OK

//=============================================================================
    Init_MCU();

    Init_16Bit_PMP();
    
    Initialise_EpsonS1D13517_5_Inch();

    Set_Bus_Speeds();
    
    while(RB8_bit){
     LATA1_bit = RB8_bit;
     Clear_Screen_S1D13517(red);
     Write_Text("NO SD CARD FOUND", 160,30,white);
     Delay_ms(500);
    }

    Initialise_SDCARD_New();

    Get_Boot_Information();

    Get_Files();

    LATA1_bit = 0;
    TRISE8_bit = 1;        //Tear Link For Display
    INT1R = 1101;          // = RPE8  INTERRUPT FOR BLANKING PERIOD & OR ALPHA BLEND

    EnableInterrupts();
    INT1IE_bit = 1;
    INT1IP0_bit = 1;       //required priority bits
    INT1IP1_bit = 1;       //required
    INT1IP2_bit = 1;       //required
    INTCONbits.INT1EP = 1; //required INT1EP: External Interrupt 1 Edge Polarity Control bit 1 = Rising edge

    Memory_buffer=0;       //zero the buffer to start at zero first.

    while(Memory_buffer < FileCount){

    PointerToSector = Actual_Sector[File_Number];

    Epson_CS = 0;
    Write_Command_EpsonS1D13517(0x2A);
    Write_Data_EpsonS1D13517(Memory_buffer<<4 | 0b0001);  //Enable the display   Single buffer display (default) page 65
    Write_Command_EpsonS1D13517(0x50);                    //REG[50h] Display Control Register PAGE 72
    Write_Data_EpsonS1D13517(0x80);                       //bit 7 must be set to update display
    Epson_CS = 1;

    Write_Picture(PointerToSector, Memory_buffer);

    File_Number+=1;
    Memory_buffer+=1;
    }
    
    Memory_Address0 = 0xE6C000;                           //13 OK Buffer[14]; //OUTPUT BUFFER 13 Is Actually The 14th Buffer Zero TO 13 = 14
    Memory_Address1 = Buffer[1];
    Memory_Address2 = Buffer[2];

    link:
    Epson_CS = 0;
    Write_Command_EpsonS1D13517(0x98);                    //Set Horizontal Size  REG[98h] Alpha-Blend Horizontal Size Register PAGE 89
    Write_Data_EpsonS1D13517(0x63);                       //63 = 800 wide
    Write_Data_EpsonS1D13517(0xDF);                       //DF 01
    Write_Data_EpsonS1D13517(0x01);                       //Set Vertical Size Register Register 1
    Write_Data_EpsonS1D13517(TwoImage | alphaValue);      //Number of Images = 1;     6REG[9Eh] bits 5-0 bits 5 to zero is blend value   1 image: REG[9Eh] bits 7-6 = 11b   2 image: REG[9Eh] bits 7-6 = 10b

    //REG[A0h] Alpha-Blend Input Image 1 Start Address Register 0  PAGE 90
    Write_Command_EpsonS1D13517(0xA0);
    Write_Data_EpsonS1D13517(Memory_Address1&0xFF);       //Alpha-Blend Input Image 1 Start Address bits 7-3
    Write_Data_EpsonS1D13517(Memory_Address1>>8&0xFF);    //Alpha-Blend Input Image 1 Start Address bits 15-8
    Write_Data_EpsonS1D13517(Memory_Address1>>16&0xFF);   //Alpha-Blend Input Image Start Address bits 23-16

    //REG[A6h] Alpha-Blend Input Image 2 Start Address Register 0  PAGE 91
    Write_Command_EpsonS1D13517(0xA6);
    Write_Data_EpsonS1D13517(Memory_Address2&0xFF);       //Alpha-Blend Input Image 2 Start Address bits 7-3
    Write_Data_EpsonS1D13517(Memory_Address2>>8&0xFF);    //Alpha-Blend Input Image 2 Start Address bits 15-8
    Write_Data_EpsonS1D13517(Memory_Address2>>16&0xFF);   //Alpha-Blend Input Image 2 Start Address bits 23-16
    
    //REG[ACh] Alpha-Blend Output Image Start Address Register 0  PAGE 91
    Write_Command_EpsonS1D13517(0xAC);
    Write_Data_EpsonS1D13517(Memory_Address0&0xFF);       //Alpha-Blend Output Image Start Address bits 7-3
    Write_Data_EpsonS1D13517(Memory_Address0>>8&0xFF);    //Alpha-Blend Output Image Start Address bits 15-8
    Write_Data_EpsonS1D13517(Memory_Address0>>16&0xFF);   //Alpha-Blend Output Image Start Address bits 23-16

    Write_Data_EpsonS1D13517(0b00010000);                 //Disable Interrupt MasK PAGE 92     SHOULD BE NO INTERRUPT
    Write_Command_EpsonS1D13517(0xB2);
    Write_Data_EpsonS1D13517(0b00000001);                 //ENABLE Interrupt        REG[B2h] bit 0 = 1b

    Write_Command_EpsonS1D13517(0x94);                    //Start Alpha Blend  Alpha-Blend Control Register page 88
    Write_Data_EpsonS1D13517(0b00000001);                 //REG[94h] bit 0 = 1b then 0b
    Write_Command_EpsonS1D13517(0x94);
    Write_Data_EpsonS1D13517(0b00000000);                 //REG[94h] bit 0 = 1b then 0b

    //Wait for Interrupt

    if(Ready){
    Ready = 0;
    Write_Command_EpsonS1D13517(0xB6);                    //REG[B6h] bit 0 = 1b then 0b    Clear Interrupt Status
    Write_Data_EpsonS1D13517(1);
    Write_Command_EpsonS1D13517(0xB6);
    Write_Data_EpsonS1D13517(0);

    Write_Command_EpsonS1D13517(0x2A);
    Write_Data_EpsonS1D13517(Memory_buffer<<4 | 0b0001);  //Enable The Display   Single Buffer Display (Default) Page 65
    Write_Command_EpsonS1D13517(0x50);                    //REG[50h] Display Control Register PAGE 72
    Write_Data_EpsonS1D13517(0x80);                       //bit 7 must be set to update display
    Epson_CS = 1;
    LATA1_bit = 1;
    Delay_ms(90);

    alphaValue ++;

    if(alphaValue>32){
     Memory_Address2 = Buffer[Random];
     Random = rand()%13;
     Memory_Address1 = Buffer[Random];
     alphaValue = 0;
    }
    LATA1_bit = 0;
    goto link;
   }

}